zone,zone_id,name,capnbry_levels,server_levels,difference,server_spawns
Salisbury Plains,1,grove nymph,10-15,10-18,3,73
Black Mtns. South,2,goblin,8-9,8-32,23,29
Black Mtns. North,3,undead druid,11-11,8-10,3,13
Cornwall,6,elder beech,23-31,23-28,3,62
Campacorentin Forest,8,druid,8-8,22-25,17,18
Campacorentin Forest,8,druid sacrificer,9-10,20-24,14,24
Campacorentin Forest,8,undead druid,11-11,8-10,3,32
Lyonesse,10,hamadryad,30-30,30-38,8,26
Stonehenge Barrows,19,cave hound,38-41,38-38,3,8
Stonehenge Barrows,19,deep goblin,42-45,42-42,3,5
Stonehenge Barrows,19,ectoplasm,41-44,41-41,3,7
Stonehenge Barrows,19,fallen warrior,41-45,41-41,4,14
Stonehenge Barrows,19,grave goblin,40-44,40-40,4,11
Stonehenge Barrows,19,scaled fiend,42-45,42-42,3,5
Isle of Glass,51,lesser water elemental,4-4,4-8,4,35
Avalon Isle,52,caer caddug baille,39-39,36-42,3,29
Avalon Isle,52,caer caddug knight,42-42,40-46,4,13
Avalon Isle,52,caer caddug priest,45-45,39-44,6,7
Avalon Isle,52,drakoran fighter,32-33,32-36,3,62
Avalon Isle,52,drakoran leech,21-25,31-32,10,27
Avalon Isle,52,drakoran looter,31-32,31-35,3,40
Avalon Isle,52,drakoran sawbone,32-32,31-35,3,53
Avalon Isle,52,sea hound,32-35,32-39,4,43
West Svealand,102,cold light,20-21,20-25,4,4
Muspelheim,104,charred skeletal warrior,23-28,23-25,3,29
Muspelheim,104,fire giant lookout,27-30,27-27,3,12
Muspelheim,104,fire giant watchman,29-32,29-29,3,4
Muspelheim,104,fire phantom,26-28,25-25,3,3
Muspelheim,104,fire toad,27-30,27-27,3,7
Muspelheim,104,firecat,24-28,24-24,4,14
Muspelheim,104,mephitic ghoul,26-31,25-28,3,23
Muspelheim,104,nocuous hound,29-32,29-29,3,7
Muspelheim,104,noxious hound,24-29,24-24,5,26
Muspelheim,104,seared skeleton,27-32,27-29,3,32
Muspelheim,104,young fire wyrm,25-30,25-27,3,13
Myrkwood Forest,105,dark hound,20-20,17-18,3,7
Skona Ravine,106,elder skogsfru,32-35,32-32,3,10
Skona Ravine,106,sidhe gaoite,35-40,35-36,4,10
Skona Ravine,106,werewolf skulker,23-28,23-25,3,8
Skona Ravine,106,whispering willow,33-37,33-34,3,15
Skona Ravine,106,wolverine,40-44,39-40,4,2
Vanern Swamp,107,black orm,36-42,36-38,4,12
Vanern Swamp,107,crippled jotun,50-50,50-53,3,5
Vanern Swamp,107,forest viper,40-48,40-44,4,43
Vanern Swamp,107,hagbui guard,40-46,40-42,4,4
Vanern Swamp,107,hagbui runemaster,42-46,42-42,4,3
Vanern Swamp,107,hagbui shaman,40-43,40-40,3,1
Vanern Swamp,107,hagbui spiritmaster,43-47,43-43,4,3
Vanern Swamp,107,mud crab,35-39,35-35,4,11
Vanern Swamp,107,mud crab warrior,36-39,36-36,3,3
Vanern Swamp,107,mud frog,30-40,30-36,4,77
Vanern Swamp,107,reincarnate orm,45-50,45-55,5,15
Vanern Swamp,107,small black orm,35-39,35-35,4,18
Raumarik,108,icestrider chiller,43-48,43-45,3,34
Raumarik,108,icestrider frostweaver,45-50,44-46,4,21
Raumarik,108,windswept wraith,50-50,50-53,3,30
Raumarik,108,winter wolf,42-50,42-46,4,5
Malmohus,116,drakulv armguard,42-50,42-46,4,72
Malmohus,116,drakulv missionary,36-44,36-40,4,25
Malmohus,116,patrolling drakulv,39-47,39-43,4,56
Malmohus,116,scaled varg snarler,34-39,34-36,3,13
Spindelhalla,125,arachite krigare,40-44,40-40,4,11
Spindelhalla,125,arachite prelate,40-43,39-40,3,6
Spindelhalla,125,arachite tunnelhost,36-41,36-37,4,27
Spindelhalla,125,arachite vakt,37-41,37-38,3,10
Spindelhalla,125,cave trow,47-50,47-47,3,22
Spindelhalla,125,cursed thulian,47-50,47-47,3,5
Spindelhalla,125,deeplurk feeder,47-50,47-47,3,11
Spindelhalla,125,duegar tjuv,37-40,37-37,3,1
Spindelhalla,125,ekyps gunstling,45-49,45-45,4,13
Spindelhalla,125,ekyps scavenger,42-46,42-42,4,21
Spindelhalla,125,fell cat,45-50,45-45,5,8
Spindelhalla,125,hallaratta,36-41,36-38,3,20
Spindelhalla,125,spindel,37-41,37-37,4,5
Spindelhalla,125,spindel silkster,39-43,39-39,4,15
Spindelhalla,125,stinger,37-42,37-39,3,12
Spindelhalla,125,svartalf arbetare,37-40,37-37,3,17
Spindelhalla,125,svartalf thrall,36-40,36-36,4,17
Spindelhalla,125,terra crab,38-44,38-40,4,34
Spindelhalla,125,undead troll warrior,47-50,47-47,3,9
Vendo Caverns,126,goblin guard,26-30,25-27,3,19
Vendo Caverns,126,vendo guard,22-28,22-25,3,16
Varulvhamn,127,large wolfspider,28-31,28-28,3,1
Varulvhamn,127,werewolf noble,38-42,38-38,4,7
Varulvhamn,127,werewolf scruff,35-38,35-35,3,10
Varulvhamn,127,wolfaur pragmatic,35-39,35-35,4,8
Cursed Tomb,128,poisonous cave spider,24-26,23-23,3,4
Nisse's Lair,129,haunt,17-19,7-7,12,22
Nisse's Lair,129,poisonous cave spider,15-19,15-15,4,29
Trollheim,150,animate svard,50-50,55-55,5,5
Trollheim,150,erfaren soldat,50-50,50-58,8,79
Trollheim,150,grattasvamp,50-50,52-54,4,56
Trollheim,150,hus'djur blood orm,50-50,53-54,4,27
Trollheim,150,morvalt bagskytt,50-50,50-55,5,10
Trollheim,150,morvalt larling,50-50,50-57,7,157
Trollheim,150,morvalt soldat,50-50,50-54,4,15
Gripklosa Mountains,152,frost duster,33-38,34-35,3,50
Gripklosa Mountains,152,griffon loner,25-28,25-25,3,67
Gripklosa Mountains,152,mammoth matriarch,43-43,45-49,6,7
Gripklosa Mountains,152,morvalt mammut jagare,48-48,48-53,5,30
Gripklosa Mountains,152,redcap dissecter,50-50,50-56,6,9
Gripklosa Mountains,152,redcap herbalist,49-49,48-53,4,22
Gripklosa Mountains,152,redcap skulker,37-38,39-42,4,32
Gripklosa Mountains,152,woolly mammoth,32-32,34-35,3,10
Delling Crater,153,caldera stinger,49-49,49-56,7,45
Delling Crater,153,cave lion,42-46,24-26,20,18
Delling Crater,153,frost duster,33-34,33-38,4,11
Delling Crater,153,griffman second,50-50,50-57,7,20
Delling Crater,153,griffon frostwing,46-50,46-53,3,92
Delling Crater,153,mammoth herdguard,39-42,39-39,3,7
Delling Crater,153,mammoth matriarch,45-45,45-49,4,12
Delling Crater,153,morvalt akare,44-50,44-45,5,11
Delling Crater,153,morvalt mammut jagare,48-48,48-51,3,24
Delling Crater,153,noxious fumes,42-48,42-44,4,70
Delling Crater,153,saber-toothed cat,46-50,46-53,3,25
Delling Crater,153,steam element,31-35,31-32,3,46
Delling Crater,153,sulphurous cloud,34-40,34-37,3,69
Delling Crater,153,woolly mammoth,33-38,34-35,3,72
Faraheim,154,faraheim doe,48-50,48-53,3,135
Faraheim,154,faraheim stag,48-50,48-55,5,79
Faraheim,154,forest skrat,48-50,48-55,5,83
Faraheim,154,friller,48-50,48-55,5,38
Faraheim,154,gulon,42-48,42-45,3,48
Faraheim,154,skogsra greenhand,48-50,48-54,4,39
Faraheim,154,skogsra woodsman,48-50,48-55,5,35
Munin Sound,155,morvalt renegade,25-25,25-28,3,6
Munin Sound,155,sjoalf cleanser,38-42,38-39,3,17
Munin Sound,155,sjoalf cultist,32-37,32-34,3,28
Munin Sound,155,sjoalf ritualist,39-43,39-40,3,14
Munin Sound,155,skalklan conch-gatherer,28-35,33-34,5,11
Munin Sound,155,skalklan oyster-harvester,29-32,33-34,4,7
Munin Sound,155,skalklan shellcrafter,21-24,21-21,3,15
Munin Sound,155,young shale golem,26-31,26-28,3,37
Iarnwood,156,chaotic miasma,46-50,46-53,3,54
Iarnwood,156,etvarg dominator,49-50,49-56,6,82
Iarnwood,156,iarn dwarf,46-50,46-53,3,34
Iarnwood,156,iarn dwarf hunter,50-50,50-54,4,22
Iarnwood,156,paralyzer,46-49,46-54,5,36
Iarnwood,156,rancoradra,44-49,44-45,4,45
Iarnwood,156,redcap cannibal,50-50,50-57,7,49
Iarnwood,156,spitter,50-50,50-54,4,34
Iarnwood,156,wild redcap,49-50,49-58,8,100
Modernagrav,158,howler,46-50,46-55,5,73
Modernagrav,158,isalf marauder,41-41,41-45,4,1
Modernagrav,158,morvalt framkalla,47-49,47-52,3,78
Modernagrav,158,morvalt vaktare,50-50,50-53,3,40
Modernagrav,158,skogsra greenhand,48-50,48-53,3,19
Modernagrav,158,white wolf,30-33,27-31,3,16
Iarnvidiur's Lair,161,cadby,45-50,46-46,4,21
Iarnvidiur's Lair,161,captured iarn dwarf,49-49,55-55,6,23
Silvermine Mts.,201,walking rock,21-26,24-24,3,34
Connacht,207,amadan touched,30-30,29-34,4,14
Connacht,207,feccan,1-2,4-4,3,30
Muire Tomb,221,death worm,14-15,11-14,3,1
Spraggon Den,222,pit spraggon,20-20,19-24,4,42
Spraggon Den,222,spraggon cutter,23-23,19-26,4,29
Darkness Falls,249,avernal quasit,32-35,32-42,7,121
Darkness Falls,249,cursed necyomancer,42-47,40-58,11,32
Darkness Falls,249,experienced necyomancer,36-36,36-49,13,57
Darkness Falls,249,soultorn albion myrmidon,36-36,33-35,3,8
Darkness Falls,249,soultorn hibernian thunderer,43-43,43-46,3,1
