zone,zone_id,region,capnbry_species,server_species,uthgard_species,missing,level_mismatch,server_only,small_camps_likely_short
Camelot Hills,0,1,103,69,105,46,0,12,15
Salisbury Plains,1,1,41,67,78,3,1,29,16
Black Mtns. South,2,1,39,77,84,8,1,46,15
Black Mtns. North,3,1,31,50,46,3,1,22,7
Cornwall,6,1,14,32,46,1,3,19,5
Campacorentin Forest,8,1,61,98,,4,2,41,27
Avalon Marsh,9,1,32,61,66,0,0,29,14
Lyonesse,10,1,7,30,54,3,3,26,0
Forest Sauvage,11,1,25,21,35,10,2,6,0
Snowdonia,12,1,2,9,48,1,0,8,0
Caerwent,13,2,0,0,,0,0,0,0
Pennine Mountains,14,1,38,20,68,21,13,3,0
Hadrian's Wall,15,1,13,5,19,10,3,2,0
Rilan,17,2,0,0,,0,0,0,0
Stonehenge Barrows,19,20,26,47,61,3,9,24,2
Tomb of Mithra,21,21,26,35,43,6,0,15,0
City of Camelot,26,10,0,0,,0,0,0,0
Isle of Glass,51,51,31,52,,5,5,26,8
Avalon Isle,52,51,27,39,,4,7,16,10
Crystal Cave,62,62,1,2,,0,0,1,0
Ruinerar av Atlantis,71,71,8,0,,8,0,0,0
Vale of Mularn,100,100,48,51,63,15,0,18,75
East Svealand,101,100,54,57,,12,0,15,47
West Svealand,102,100,61,72,,11,1,22,20
Gotar,103,100,65,75,79,9,0,19,49
Muspelheim,104,100,39,50,64,3,11,14,30
Myrkwood Forest,105,100,57,59,104,22,1,24,39
Skona Ravine,106,100,30,55,73,11,9,36,15
Vanern Swamp,107,100,38,28,56,17,18,7,26
Raumarik,108,100,26,34,49,2,21,10,27
Uppland,111,100,78,30,77,51,13,3,0
Yggdra Forest,112,100,72,23,91,50,14,1,0
Jamtland Mountains,113,100,66,18,55,50,13,2,0
Erikstaad,114,102,0,0,,0,0,0,0
Odin's Gate,115,100,33,9,48,25,6,1,0
Malmohus,116,100,16,40,39,0,12,24,46
Jordheim,120,101,1,0,,1,0,0,0
Spindelhalla,125,125,37,49,41,0,26,12,9
Vendo Caverns,126,126,14,11,15,6,0,3,0
Varulvhamn,127,127,9,36,35,0,4,27,4
Cursed Tomb,128,128,16,27,26,0,1,11,4
Nisse's Lair,129,129,27,35,33,1,2,9,0
Trollheim,150,150,31,60,,2,13,31,8
Aegir's Landing,151,151,36,48,,4,0,16,52
Gripklosa Mountains,152,151,41,54,,1,11,14,100
Delling Crater,153,151,44,66,,1,15,23,217
Faraheim,154,151,60,52,,25,6,17,186
Munin Sound,155,151,38,43,,2,9,7,72
Iarnwood,156,151,37,30,,16,3,9,129
Modernagrav,158,151,41,46,,8,13,13,58
Tuscaran Glacier,160,160,27,44,,6,14,23,0
Iarnvidiur's Lair,161,161,13,27,,0,10,14,2
Lough Derg,200,200,75,81,92,20,1,26,58
Silvermine Mts.,201,200,40,37,60,27,2,24,12
Shannon Estuary,202,200,33,28,69,21,2,16,1
Valley of Bri Leith,206,200,5,42,46,0,0,37,0
Connacht,207,200,35,71,79,5,2,41,33
Tir na Nog,209,201,4,0,,4,0,0,0
Mount Collory,210,200,13,11,95,11,0,9,0
Breifine,212,200,16,7,87,11,1,2,0
Emain Macha,214,200,39,13,57,27,9,1,0
Muire Tomb,221,221,12,12,23,6,1,6,1
Spraggon Den,222,222,6,17,16,1,2,12,0
Passage of Conflict,244,244,16,24,,3,6,11,0
Hall of the Corrupt,245,245,12,0,19,12,0,0,0
Dodens Gruva,246,246,16,14,18,9,4,7,0
Darkness Falls,249,249,41,176,182,3,14,138,3
