zone,zone_id,name,server_levels,server_spawns,uthgard,classtypes
Camelot Hills,0,brownie grassrunner,7-7,1,yes,GameNPC
Camelot Hills,0,convert guard,9-9,2,yes,GameNPC
Camelot Hills,0,dragon ant queen,10-10,1,yes,GameNPC
Camelot Hills,0,dwarven priest,9-9,3,yes,GameNPC
Camelot Hills,0,fielath,12-12,1,yes,GameNPC
Camelot Hills,0,giant ant,21-24,1,no,GameNPC
Camelot Hills,0,lady leana,6-6,1,yes,GameNPC
Camelot Hills,0,red adder,10-10,1,yes,GameNPC
Camelot Hills,0,thwori,7-8,1,no,GameNPC
Camelot Hills,0,weakened demon,6-6,1,yes,GameNPC
Camelot Hills,0,ygwrch gyrg,7-7,1,yes,GameNPC
Camelot Hills,0,zombie farmer,7-7,1,yes,NightSpawn
Salisbury Plains,1,abagu,14-15,1,no,GameNPC
Salisbury Plains,1,adder,7-7,2,no,GameNPC
Salisbury Plains,1,aged basilisk,19-19,23,yes,GameNPC
Salisbury Plains,1,archdruid glasan,29-30,1,no,GameNPC
Salisbury Plains,1,berik liglim,30-30,1,yes,GameNPC
Salisbury Plains,1,cart horse,10-10,2,yes,GameNPC
Salisbury Plains,1,druid,7-19,5,yes,GameNPC
Salisbury Plains,1,druid sacrificer,9-21,3,yes,GameNPC
Salisbury Plains,1,druid seer,8-20,6,yes,GameNPC
Salisbury Plains,1,druidic spirit,21-21,2,yes,GameNPC
Salisbury Plains,1,emerald snake,5-5,3,no,GameNPC
Salisbury Plains,1,escaped bandit,21-21,4,yes,GameNPC
Salisbury Plains,1,escaped bandit leader,19-19,1,yes,GameNPC
Salisbury Plains,1,faerie frog,28-30,3,yes,GameNPC
Salisbury Plains,1,giant skeleton,27-28,27,yes,NightSpawn
Salisbury Plains,1,growler,11-11,1,no,GameNPC
Salisbury Plains,1,kedalinde teanidd,10-10,1,yes,GameNPC
Salisbury Plains,1,mercenary tomb raider,26-28,23,yes,GameNPC
Salisbury Plains,1,salisbury giant,18-21,26,yes,GameNPC
Salisbury Plains,1,seer,2-2,1,no,GameNPC
Salisbury Plains,1,slythcur,12-12,1,yes,GameNPC
Salisbury Plains,1,small skeletal legionnaire,14-14,1,no,GameNPC
Salisbury Plains,1,spriggarn ambusher,15-15,11,yes,GameNPC
Salisbury Plains,1,spriggarn howler,16-16,5,yes,GameNPC
Salisbury Plains,1,water spider gleek,27-32,1,no,WaterSpiderGleek
Salisbury Plains,1,white horse,18-18,1,yes,GameNPC
Salisbury Plains,1,yell hound,15-16,1,no,NightSpawn
Salisbury Plains,1,young bear,10-10,14,no,GameNPC
Salisbury Plains,1,young boar,6-6,25,no,GameNPC
Black Mtns. South,2,aldous wynedd,10-10,1,yes,GameNPC
Black Mtns. South,2,bandit,5-8,8,no,GameNPC
Black Mtns. South,2,bouditha wynedd,9-10,1,yes,GameNPC
Black Mtns. South,2,decayed zombie,3-3,1,yes,GameNPC
Black Mtns. South,2,dwarf brawler,3-4,15,yes,GameNPC
Black Mtns. South,2,dwarf pillager,4-5,2,yes,GameNPC
Black Mtns. South,2,dwarf raider,5-6,4,yes,GameNPC
Black Mtns. South,2,frund,12-13,1,yes,GameNPC
Black Mtns. South,2,fusnup,7-7,1,yes,GameNPC
Black Mtns. South,2,goblin lookout,8-8,9,yes,GameNPC
Black Mtns. South,2,goblin lord,11-11,1,no,GameNPC
Black Mtns. South,2,goblin scout,7-7,6,yes,GameNPC
Black Mtns. South,2,goblin shaman,9-10,5,yes,GameNPC
Black Mtns. South,2,goblin storm shaman,10-11,1,no,GameNPC
Black Mtns. South,2,great gobzini,11-16,1,no,GameNPC
Black Mtns. South,2,grilk,13-13,1,yes,GameNPC
Black Mtns. South,2,grilk's bonescraper,8-8,1,yes,GameNPC
Black Mtns. South,2,grilk's footscratcher,9-9,1,yes,GameNPC
Black Mtns. South,2,grilk's ratmaker,8-8,1,yes,GameNPC
Black Mtns. South,2,grilo,7-9,1,yes,GameNPC
Black Mtns. South,2,gundron mccory,9-11,1,yes,GameNPC
Black Mtns. South,2,jari,11-12,1,yes,Jari
Black Mtns. South,2,nain dwarf,9-9,4,yes,GameNPC
Black Mtns. South,2,poacher,4-4,3,yes,GameNPC
Black Mtns. South,2,poacher leader,5-5,1,yes,GameNPC
Black Mtns. South,2,red dwarf bandit,6-8,4,yes,GameNPC
Black Mtns. South,2,red dwarf chief,10-10,1,yes,GameNPC
Black Mtns. South,2,red dwarf leader,9-13,1,no,GameNPC
Black Mtns. South,2,red dwarf matron,6-8,1,no,GameNPC
Black Mtns. South,2,red dwarf thief,5-7,15,yes,GameNPC
Black Mtns. South,2,red dwarf youth,5-5,3,yes,GameNPC
Black Mtns. South,2,red lion,3-3,25,yes,GameNPC
Black Mtns. South,2,robber,0-0,22,yes,GameNPC
Black Mtns. South,2,sacrificer harish,15-15,1,yes,GameNPC
Black Mtns. South,2,shaman aslis,18-18,1,yes,GameNPC
Black Mtns. South,2,slith,7-7,1,yes,GameNPC
Black Mtns. South,2,small gray wolf,3-3,9,no,GameNPC
Black Mtns. South,2,spectral hound,6-7,10,no,GameNPC
Black Mtns. South,2,spriggarn stalker,5-5,1,no,GameNPC
Black Mtns. South,2,summoned centurion,17-17,1,no,GameNPC
Black Mtns. South,2,summoned rat,1-1,1,no,GameNPC
Black Mtns. South,2,summoned skeleton,20-21,1,no,GameNPC
Black Mtns. South,2,summoned spirit,10-11,1,no,GameNPC
Black Mtns. South,2,summoner salizern,10-10,1,yes,GameNPC
Black Mtns. South,2,throatripper,11-11,1,yes,Throatripper
Black Mtns. South,2,welsh hobgoblin,17-19,1,no,GameNPC
Black Mtns. North,3,cauld lad,53-55,1,no,GameNPC
Black Mtns. North,3,crimson initiate,28-30,2,no,GameNPC
Black Mtns. North,3,druid pet,4-4,1,no,GameNPC
Black Mtns. North,3,erick redbeard,12-12,1,no,GameNPC
Black Mtns. North,3,glimbeak,15-15,1,no,GameNPC
Black Mtns. North,3,goblin,8-32,2,no,GameNPC
Black Mtns. North,3,grimbeak,15-15,1,no,GameNPC
Black Mtns. North,3,heretic elam,15-15,1,no,GameNPC
Black Mtns. North,3,hill avenger,12-12,10,yes,GameNPC
Black Mtns. North,3,hill chief alrek,15-15,1,no,GameNPC
Black Mtns. North,3,hill guard,11-11,8,yes,GameNPC
Black Mtns. North,3,hill shaman,12-12,3,yes,GameNPC
Black Mtns. North,3,hill warrior,10-10,10,yes,GameNPC
Black Mtns. North,3,howling maiden,24-26,9,yes,GameNPC
Black Mtns. North,3,leorcelis grant,51-52,1,no,GameNPC
Black Mtns. North,3,mystic ulfwag,12-12,1,yes,GameNPC
Black Mtns. North,3,necromancer,31-33,2,yes,GameNPC
Black Mtns. North,3,sergeant cosworth,10-11,1,yes,SgtCosworth
Black Mtns. North,3,sir gerenth,10-10,1,yes,SirGerenth
Black Mtns. North,3,slimbeak,15-15,1,no,GameNPC
Black Mtns. North,3,trimbeak,15-15,1,no,GameNPC
Black Mtns. North,3,undead filidh,5-7,7,yes,GameNPC
Cornwall,6,aged beech,38-38,20,yes,GameNPC
Cornwall,6,brother jarrel,14-14,1,yes,GameNPC
Cornwall,6,bucca,23-24,17,yes,GameNPC
Cornwall,6,cirfans,50-50,1,yes,GameNPC
Cornwall,6,cliff spider,18-18,13,yes,GameNPC
Cornwall,6,cliff spiderling,14-14,10,yes,GameNPC
Cornwall,6,cornish frog,13-13,18,yes,GameNPC
Cornwall,6,cornish giant,40-40,2,yes,GameNPC
Cornwall,6,cornish hen,24-24,6,yes,GameNPC
Cornwall,6,cornwall drake,40-44,17,yes,GameNPC
Cornwall,6,cornwall hunter,23-25,12,yes,GameNPC
Cornwall,6,ghostly cleric,12-12,3,yes,GameNPC
Cornwall,6,ghostly paladin,12-13,3,yes,GameNPC
Cornwall,6,greater boogey,35-41,7,yes,GameNPC
Cornwall,6,kalnraw,40-45,1,yes,GameNPC
Cornwall,6,muryan trickster,20-21,1,yes,GameNPC
Cornwall,6,skeletal centurion,21-21,1,yes,GameNPC
Cornwall,6,skeletal legionnaire,18-18,11,yes,GameNPC
Cornwall,6,tusker,45-45,1,yes,GameNPC
Campacorentin Forest,8,ancient brownie,22-30,1,no data,GameNPC
Campacorentin Forest,8,aonghas prirerd,20-22,1,no data,GameNPC
Campacorentin Forest,8,bandit,5-8,29,no data,GameNPC
Campacorentin Forest,8,brownie,0-0,34,no data,GameNPC
Campacorentin Forest,8,creeping crud,2-2,19,no data,GameNPC
Campacorentin Forest,8,dappled lynx cub,0-0,36,no data,GameNPC
Campacorentin Forest,8,disturbed presence,12-14,49,no data,NightSpawn
Campacorentin Forest,8,druid seer,8-20,1,no data,GameNPC
Campacorentin Forest,8,dryad invert,9-9,49,no data,GameNPC
Campacorentin Forest,8,dryad twig,1-1,17,no data,GameNPC
Campacorentin Forest,8,elder fellwood,21-23,1,no data,GameNPC
Campacorentin Forest,8,elithralia nodith,21-23,1,no data,GameNPC
Campacorentin Forest,8,forest cat,16-16,18,no data,GameNPC
Campacorentin Forest,8,forest snake,3-3,20,no data,GameNPC
Campacorentin Forest,8,gray wolf pup,1-1,25,no data,GameNPC
Campacorentin Forest,8,green witch,14-14,1,no data,GameNPC
Campacorentin Forest,8,grizzletooth,23-24,1,no data,GameNPC
Campacorentin Forest,8,heretical hermit,20-20,1,no data,GameNPC
Campacorentin Forest,8,large bloated spider,13-14,14,no data,GameNPC
Campacorentin Forest,8,oaken knight,22-22,1,no data,GameNPC
Campacorentin Forest,8,outcast rogue,1-1,10,no data,GameNPC
Campacorentin Forest,8,pixie queen,27-27,1,no data,GameNPC
Campacorentin Forest,8,river racer,7-7,14,no data,GameNPC
Campacorentin Forest,8,rotting skeleton,1-1,14,no data,GameNPC
Campacorentin Forest,8,small snake,0-0,10,no data,GameNPC
Campacorentin Forest,8,snake,3-3,16,no data,GameNPC
Campacorentin Forest,8,spirit,6-6,22,no data,GameNPC
Campacorentin Forest,8,spriggarn ambusher,15-15,37,no data,GameNPC
Campacorentin Forest,8,spriggarn howler,16-16,20,no data,GameNPC
Campacorentin Forest,8,spriggarn waylayer,14-14,26,no data,GameNPC
Campacorentin Forest,8,swamp rat,4-4,16,no data,GameNPC
Campacorentin Forest,8,sylvan goblin chief,16-17,1,no data,GameNPC
Campacorentin Forest,8,sylvan goblin whelp,3-3,22,no data,GameNPC
Campacorentin Forest,8,thornpaw,24-25,1,no data,GameNPC
Campacorentin Forest,8,tree spirit,6-7,27,no data,GameNPC
Campacorentin Forest,8,undead goblin warrior,5-5,12,no data,GameNPC
Campacorentin Forest,8,weak skeleton,1-1,24,no data,GameNPC
Campacorentin Forest,8,wood ogre berserker,14-15,9,no data,GameNPC
Campacorentin Forest,8,wood ogre lord,16-16,1,no data,GameNPC
Campacorentin Forest,8,wood ogre scourge,12-13,20,no data,GameNPC
Campacorentin Forest,8,wood ogre seer,14-14,21,no data,GameNPC
Avalon Marsh,9,black bear,16-21,7,yes,GameNPC
Avalon Marsh,9,bloody-bones,7-7,13,yes,GameNPC
Avalon Marsh,9,bogman fisher,9-9,17,yes,GameNPC
Avalon Marsh,9,bogman hunter,11-11,5,yes,GameNPC
Avalon Marsh,9,dappled lynx,2-3,1,no,GameNPC
Avalon Marsh,9,death grip vines,7-7,25,yes,GameNPC
Avalon Marsh,9,dooben,14-14,1,yes,Dooben
Avalon Marsh,9,fallen paladin,11-11,2,no,GameNPC
Avalon Marsh,9,ghostly knight,8-10,15,yes,GameNPC
Avalon Marsh,9,ghoul footman,17-17,8,yes,GameNPC
Avalon Marsh,9,ghoul knight,18-18,33,yes,GameNPC
Avalon Marsh,9,ghoul lord,19-19,14,yes,GameNPC
Avalon Marsh,9,giant water leaper,15-15,13,yes,GameNPC
Avalon Marsh,9,marsh lord,32-35,1,no,GameNPC
Avalon Marsh,9,marsh worm,9-11,7,yes,GameNPC
Avalon Marsh,9,mist monster,16-16,8,yes,GameNPC
Avalon Marsh,9,mist sprite,6-6,33,yes,GameNPC
Avalon Marsh,9,phantom page,4-5,10,yes,GameNPC
Avalon Marsh,9,phantom squire,6-7,5,yes,GameNPC
Avalon Marsh,9,pixie,6-7,2,yes,GameNPC
Avalon Marsh,9,quicksand,16-16,8,yes,GameNPC
Avalon Marsh,9,river racer,7-7,28,yes,GameNPC
Avalon Marsh,9,scrag,8-8,13,yes,GameNPC
Avalon Marsh,9,spiny eel,3-3,30,no,GameNPC
Avalon Marsh,9,undead knight fiedel,28-30,1,yes,GameNPC
Avalon Marsh,9,vagdush,14-14,1,yes,Vagdush
Avalon Marsh,9,water leaper,8-10,15,yes,GameNPC
Avalon Marsh,9,will o' wisp,9-11,24,yes,GameNPC
Avalon Marsh,9,wood ogre scourge,12-13,8,yes,GameNPC
Lyonesse,10,arawnite shamaness,34-35,5,yes,GameNPC
Lyonesse,10,arawnite warrior,34-35,2,yes,GameNPC
Lyonesse,10,archer,45-45,13,yes,GameNPC
Lyonesse,10,bone snapper,63-63,36,no,GameNPC
Lyonesse,10,cailleach guard,60-66,7,yes,GameNPC
Lyonesse,10,cailleach priest,60-67,7,no,GameNPC
Lyonesse,10,cailleach uragaig,70-70,1,yes,CailleachUragaig
Lyonesse,10,danaoin clerk,35-39,13,yes,GameNPC
Lyonesse,10,danaoin farmer,44-46,15,yes,GameNPC
Lyonesse,10,danaoin fisherman,40-42,11,yes,GameNPC
Lyonesse,10,danaoin sailor,44-46,9,yes,GameNPC
Lyonesse,10,danaoin soldier,50-54,3,yes,GameNPC
Lyonesse,10,dunter,30-34,5,yes,GameNPC
Lyonesse,10,farmer,29-40,10,yes,GameNPC
Lyonesse,10,fitful bwca,35-36,4,yes,GameNPC
Lyonesse,10,footman,45-45,5,yes,GameNPC
Lyonesse,10,gabriel hound,40-48,4,yes,GameNPC
Lyonesse,10,knight,0-49,7,yes,GameNPC
Lyonesse,10,moorlich,48-48,23,yes,GameNPC
Lyonesse,10,pikeman,44-50,3,yes,GameNPC
Lyonesse,10,priest of arawn,50-54,11,yes,GameNPC
Lyonesse,10,pygmy goblin,43-43,5,yes,GameNPC
Lyonesse,10,pygmy goblin tangler,45-45,15,yes,PygmyGoblinTangler
Lyonesse,10,shepherd,34-34,14,yes,GameNPC
Lyonesse,10,townsman,30-30,2,yes,GameNPC
Lyonesse,10,witherwoode,57-57,9,yes,GameNPC
Forest Sauvage,11,forest hunter,21-24,35,yes,GameNPC
Forest Sauvage,11,hitback dummy - right click to reset,50-50,1,no,HitbackDummy
Forest Sauvage,11,new mob,1-1,51,no,GuardArcher;GuardCommander;GuardCorpseSummoner;GuardFighter;GuardLord;GuardMerchant
Forest Sauvage,11,rainbow sprite,32-40,60,yes,RainbowSpriteBlue;RainbowSpriteGreen;RainbowSpriteTan;RainbowSpriteWhite
Forest Sauvage,11,rob ria,40-40,1,yes,GameNPC
Forest Sauvage,11,total: 0 dps: 0,10-50,3,no,DPSDummy
Snowdonia,12,angry bwca,45-47,3,yes,GameNPC
Snowdonia,12,bwca,24-24,20,yes,GameNPC
Snowdonia,12,cyclops,41-42,26,yes,GameNPC
Snowdonia,12,faerie frog,28-30,53,yes,DaySpawn;GameNPC
Snowdonia,12,giant boar,34-35,6,yes,GameNPC
Snowdonia,12,giant skeleton,27-28,19,no,NightSpawn
Snowdonia,12,hill scrag,39-41,6,yes,GameNPC
Snowdonia,12,new mob,1-1,45,no,GuardArcher;GuardCommander;GuardCorpseSummoner;GuardFighter
Pennine Mountains,14,draco magnificens,61-61,1,yes,GameEpicNPC
Pennine Mountains,14,ellyll guard,49-51,14,yes,GameNPC
Pennine Mountains,14,new mob,1-1,95,no,GuardArcher;GuardCommander;GuardCorpseSummoner;GuardFighter;GuardLord
Hadrian's Wall,15,new mob,1-1,18,no,GuardArcher;GuardCommander;GuardCorpseSummoner;GuardFighter;GuardMerchant
Hadrian's Wall,15,templar,50-54,6,yes,GameNPC
Stonehenge Barrows,19,barrow wight,43-44,11,yes,GameNPC
Stonehenge Barrows,19,celtic lich,50-50,8,yes,GameNPC
Stonehenge Barrows,19,celtic sepulchre warrior,47-47,11,yes,GameNPC
Stonehenge Barrows,19,creeping ooze,42-42,6,yes,GameNPC
Stonehenge Barrows,19,decaying tomb raider,36-36,4,yes,GameNPC
Stonehenge Barrows,19,fiery fiend,41-43,2,yes,GameNPC
Stonehenge Barrows,19,ghoulic viper,42-42,18,yes,GameNPC
Stonehenge Barrows,19,grave goblin whelp,28-32,5,yes,GameNPC
Stonehenge Barrows,19,malefic phantom,47-47,12,yes,GameNPC
Stonehenge Barrows,19,marrow leech,38-38,3,yes,GameNPC
Stonehenge Barrows,19,megalith wight,46-46,8,yes,GameNPC
Stonehenge Barrows,19,megalithic terror,49-49,5,yes,GameNPC
Stonehenge Barrows,19,ossuary guardian,48-48,2,yes,GameNPC
Stonehenge Barrows,19,petrified grovewood,43-43,6,yes,GameNPC
Stonehenge Barrows,19,priestess of purity,44-44,2,yes,GameNPC
Stonehenge Barrows,19,reanimated foe,37-38,8,yes,GameNPC
Stonehenge Barrows,19,sacrificial soul,43-43,6,yes,GameNPC
Stonehenge Barrows,19,saxonbone skeleton,40-40,6,yes,GameNPC
Stonehenge Barrows,19,shade of ambrosius aurelianus,54-54,1,yes,GameNPC
Stonehenge Barrows,19,skeletal druid,44-44,5,yes,GameNPC
Stonehenge Barrows,19,skeletal druidess,44-44,2,yes,GameNPC
Stonehenge Barrows,19,skeletal high priestess,46-46,1,yes,GameNPC
Stonehenge Barrows,19,tomb wight,42-42,9,yes,GameNPC
Stonehenge Barrows,19,undead retainer,36-37,5,yes,GameNPC
Tomb of Mithra,21,acolyte nascita,13-16,1,yes,GameNPC
Tomb of Mithra,21,aged bleeder,13-14,4,yes,GameNPC
Tomb of Mithra,21,anilius,14-14,1,yes,Anilius
Tomb of Mithra,21,bleeder broodmother,11-12,2,yes,GameNPC
Tomb of Mithra,21,bleeder hatchling,9-10,16,yes,GameNPC
Tomb of Mithra,21,decaying cadaver,8-8,1,no,GameNPC
Tomb of Mithra,21,erisus,13-13,1,yes,Erisus
Tomb of Mithra,21,fallen paladin,11-11,4,yes,GameNPC
Tomb of Mithra,21,favonius facilis,16-16,1,yes,GameNPC
Tomb of Mithra,21,ghost miner,11-12,3,yes,GameNPC
Tomb of Mithra,21,high priest andania,15-15,1,no,HighPriestAndania
Tomb of Mithra,21,menacing presense,8-13,3,no,GameNPC
Tomb of Mithra,21,mindless minion,8-10,3,no,GameNPC
Tomb of Mithra,21,virilis,15-15,1,no,GameNPC
Tomb of Mithra,21,virilus,15-15,1,yes,GameNPC
Isle of Glass,51,alluvian,15-15,1,no data,GameNPC
Isle of Glass,51,alluvian globule,10-10,7,no data,GameNPC
Isle of Glass,51,araich,11-11,1,no data,GameNPC
Isle of Glass,51,caldech,10-10,1,no data,GameNPC
Isle of Glass,51,commander slor'vid,31-31,1,no data,GameNPC
Isle of Glass,51,corpse candle,9-12,10,no data,GameNPC
Isle of Glass,51,corpse glow,1-2,2,no data,GameNPC
Isle of Glass,51,drakoran border watcher,11-13,1,no data,GameNPC
Isle of Glass,51,drakoran neophyte,11-12,20,no data,GameNPC
Isle of Glass,51,ewart haralder,22-22,1,no data,GameNPC
Isle of Glass,51,flood,20-20,1,no data,GameNPC
Isle of Glass,51,flood waters,17-17,4,no data,GameNPC
Isle of Glass,51,giant dragonfly,5-9,49,no data,GameNPC
Isle of Glass,51,guagaran whelp,10-13,34,no data,GameNPC
Isle of Glass,51,jocias,2-2,1,no data,GameNPC
Isle of Glass,51,lieutenant grrar,28-28,1,no data,GameNPC
Isle of Glass,51,lieutenant yal'ris,27-27,1,no data,GameNPC
Isle of Glass,51,lieutenant zudd,25-25,1,no data,GameNPC
Isle of Glass,51,martley,11-11,1,no data,GameNPC
Isle of Glass,51,sodden corpse,11-12,10,no data,GameNPC
Isle of Glass,51,sogrot,2-2,1,no data,GameNPC
Isle of Glass,51,svarm,12-12,1,no data,GameNPC
Isle of Glass,51,svarm spawn,10-10,6,no data,GameNPC
Isle of Glass,51,torrent,7-7,1,no data,GameNPC
Isle of Glass,51,urchin ambusher,12-12,1,no data,GameNPC
Isle of Glass,51,urchin hooligan,11-14,103,no data,GameNPC
Avalon Isle,52,barak,26-26,1,no data,GameNPC
Avalon Isle,52,bolin,33-33,1,no data,GameNPC
Avalon Isle,52,caer caddug bodyguard,40-44,8,no data,GameNPC
Avalon Isle,52,caer caddug footsoldier,35-41,17,no data,GameNPC
Avalon Isle,52,caer caddug seer,35-40,18,no data,GameNPC
Avalon Isle,52,drakoran patrol,32-34,1,no data,GameNPC
Avalon Isle,52,kelsanor,42-42,1,no data,GameNPC
Avalon Isle,52,kovos,35-35,1,no data,GameNPC
Avalon Isle,52,lammia enchantress,35-42,30,no data,GameNPC
Avalon Isle,52,lord caddug,68-68,1,no data,GameNPC
Avalon Isle,52,nalsor,35-35,1,no data,GameNPC
Avalon Isle,52,prios,28-28,1,no data,GameNPC
Avalon Isle,52,torvarg,35-35,1,no data,GameNPC
Avalon Isle,52,undead apple harvester,30-34,108,no data,GameNPC
Avalon Isle,52,undead seedsmen,19-22,9,no data,GameNPC
Avalon Isle,52,vask,33-33,1,no data,GameNPC
Crystal Cave,62,xanxicar,80-80,1,no data,Xanxicar
Vale of Mularn,100,asbjom,22-22,1,no,GameNPC
Vale of Mularn,100,bear,8-8,3,no,GameNPC
Vale of Mularn,100,birk,14-14,1,yes,GameNPC
Vale of Mularn,100,galkvinne,22-22,1,yes,GameNPC
Vale of Mularn,100,gors,6-6,1,no,GameNPC
Vale of Mularn,100,gulak,5-5,1,no,GameNPC
Vale of Mularn,100,hobgoblin fish-catcher,0-0,1,no,GameNPC
Vale of Mularn,100,nordic dirge,6-6,1,no,GameNPC
Vale of Mularn,100,prugor,11-11,1,yes,GameNPC
Vale of Mularn,100,rasczel,10-10,1,yes,GameNPC
Vale of Mularn,100,scout grogor,9-9,1,yes,GameNPC
Vale of Mularn,100,scout haurg,9-9,1,yes,GameNPC
Vale of Mularn,100,smyga,9-9,1,yes,GameNPC
Vale of Mularn,100,spat,8-8,1,yes,GameNPC
Vale of Mularn,100,vasa,9-9,1,no,GameNPC
Vale of Mularn,100,votan,1-1,1,yes,GameNPC
Vale of Mularn,100,vrede,12-12,1,yes,GameNPC
Vale of Mularn,100,wood-eater royal guard,16-16,2,yes,GameNPC
East Svealand,101,bonk,11-11,1,no data,GameNPC
East Svealand,101,envy drakeling,9-9,14,no data,GameNPC
East Svealand,101,gib,2-2,1,no data,GameNPC
East Svealand,101,ick,8-8,1,no data,GameNPC
East Svealand,101,impling,0-0,4,no data,GameNPC
East Svealand,101,lake serpent,10-11,1,no data,GameNPC
East Svealand,101,ocug,9-9,1,no data,GameNPC
East Svealand,101,queen major,15-15,1,no data,QueenMajor
East Svealand,101,riv,10-10,1,no data,GameNPC
East Svealand,101,scrip,0-0,1,no data,GameNPC
East Svealand,101,snarls,7-7,1,no data,Snarls
East Svealand,101,vein spider,5-5,2,no data,GameNPC
East Svealand,101,water snake,0-0,3,no data,GameNPC
East Svealand,101,whirlwind,6-6,2,no data,GameNPC
East Svealand,101,wind wisp,9-9,7,no data,GameNPC
West Svealand,102,chaes,16-16,1,no data,GameNPC
West Svealand,102,chiseler,20-24,4,no data,GameNPC
West Svealand,102,fridgeir gestsson,21-21,1,no data,GameNPC
West Svealand,102,frosty colt,20-20,3,no data,GameNPC
West Svealand,102,giant lemer,23-23,1,no data,GiantLemer
West Svealand,102,guthr,14-14,1,no data,GameNPC
West Svealand,102,helda,15-15,1,no data,GameNPC
West Svealand,102,henrek,13-13,1,no data,GameNPC
West Svealand,102,kelda,15-15,1,no data,GameNPC
West Svealand,102,lone weeping willow,10-10,1,no data,GameNPC
West Svealand,102,modervarg,13-13,1,no data,GameNPC
West Svealand,102,old smoke,15-15,1,no data,GameNPC
West Svealand,102,pawper,19-19,1,no data,GameNPC
West Svealand,102,shadow,10-11,28,no data,NightSpawn
West Svealand,102,skalheng,14-14,1,no data,GameNPC
West Svealand,102,snow imp,20-22,2,no data,GameNPC
West Svealand,102,squirt,15-15,1,no data,GameNPC
West Svealand,102,swift,16-16,1,no data,GameNPC
West Svealand,102,thorsgir,15-15,1,no data,GameNPC
West Svealand,102,ugnof toestubber,16-16,1,no data,GameNPC
West Svealand,102,ulga,13-13,1,no data,GameNPC
West Svealand,102,wiley,10-10,1,no data,GameNPC
Gotar,103,barkley,6-6,1,yes,GameNPC
Gotar,103,black rixtas,16-16,1,no,GameNPC
Gotar,103,carrion lizard,3-3,8,yes,GameNPC
Gotar,103,davnis,9-9,1,yes,GameNPC
Gotar,103,huldu hunter,4-4,1,yes,GameNPC
Gotar,103,huldu stalker,5-5,3,yes,GameNPC
Gotar,103,jordande,20-20,1,no,GameNPC
Gotar,103,perfidious pook,10-10,14,yes,GameNPC
Gotar,103,salix,14-14,1,no,GameNPC
Gotar,103,scout argyle,15-15,1,yes,ScoutArgyle
Gotar,103,seithkona,5-5,2,no,GameNPC
Gotar,103,styrimathr ygna,7-7,1,no,NightSpawn
Gotar,103,svartalf guard,10-10,2,yes,GameNPC
Gotar,103,thraxia,20-20,1,no,DaySpawn
Gotar,103,tweedle,7-7,1,no,GameNPC
Gotar,103,twitchclaw,9-9,1,yes,GameNPC
Gotar,103,vefyn,8-8,1,yes,GameNPC
Gotar,103,vidalf,10-10,1,yes,GameNPC
Gotar,103,willen,5-5,1,no,GameNPC
Muspelheim,104,bjame,26-26,1,no,GameNPC
Muspelheim,104,brimstone,23-23,1,yes,GameNPC
Muspelheim,104,burnt skeletal sentry,21-21,18,yes,GameNPC
Muspelheim,104,coal,25-25,1,yes,GameNPC
Muspelheim,104,eld,23-23,1,yes,GameNPC
Muspelheim,104,fire giant guard,30-30,2,yes,GameNPC
Muspelheim,104,gokstorm,25-25,1,yes,GameNPC
Muspelheim,104,grogak,26-26,1,no,GameNPC
Muspelheim,104,konung botolf redhands,28-28,1,yes,GameNPC
Muspelheim,104,sinyr,31-31,1,yes,GameNPC
Muspelheim,104,spirit of flames,29-29,1,yes,GameNPC
Muspelheim,104,sulphine,22-22,1,yes,GameNPC
Muspelheim,104,vapor wraith,30-30,5,yes,GameNPC
Muspelheim,104,young wyrm lord,33-33,1,yes,GameNPC
Myrkwood Forest,105,anakol,32-32,1,no,GameNPC
Myrkwood Forest,105,baron falwur,22-22,1,yes,GameNPC
Myrkwood Forest,105,bjorn,23-23,1,no,GameNPC
Myrkwood Forest,105,corpse eater,11-13,9,yes,GameNPC
Myrkwood Forest,105,death spider,18-18,5,yes,GameNPC
Myrkwood Forest,105,decaying norseman,11-11,4,yes,GameNPC
Myrkwood Forest,105,gray worg,10-10,15,yes,GameNPC
Myrkwood Forest,105,great tingler,16-18,17,yes,GameNPC
Myrkwood Forest,105,great worg,17-17,1,yes,GameNPC
Myrkwood Forest,105,haglion's minion,26-26,7,no,NightSpawn
Myrkwood Forest,105,minor werewolf noble,19-21,9,yes,GameNPC
Myrkwood Forest,105,myrk shadow,10-11,15,no,GameNPC
Myrkwood Forest,105,niswen,20-20,1,yes,GameNPC
Myrkwood Forest,105,njessi,22-25,1,yes,Njessi
Myrkwood Forest,105,ove alfevson,23-23,1,yes,GameNPC
Myrkwood Forest,105,priest thaxtix,28-28,1,no,GameNPC
Myrkwood Forest,105,priestess araxia,20-20,1,no,GameNPC
Myrkwood Forest,105,ridgeback worg,11-13,10,yes,GameNPC
Myrkwood Forest,105,shrieking willow,18-18,15,yes,GameNPC
Myrkwood Forest,105,sorrow,22-22,1,yes,GameNPC
Myrkwood Forest,105,spectral bayer,13-13,1,yes,GameNPC
Myrkwood Forest,105,svartskogsfru,17-17,2,yes,GameNPC
Myrkwood Forest,105,venomspitter,11-13,9,yes,GameNPC
Myrkwood Forest,105,werewolf,17-17,13,yes,GameNPC
Skona Ravine,106,askafroa,34-34,1,yes,GameNPC
Skona Ravine,106,brush cat,25-27,32,yes,GameNPC
Skona Ravine,106,callow wolverine,30-31,8,yes,GameNPC
Skona Ravine,106,captain gruff,39-39,1,yes,GameNPC
Skona Ravine,106,cargila,40-40,1,yes,GameNPC
Skona Ravine,106,elf of gashir,20-20,3,yes,GameNPC
Skona Ravine,106,fjalar,37-37,1,yes,GameNPC
Skona Ravine,106,furf,29-29,1,yes,GameNPC
Skona Ravine,106,galar,36-36,1,yes,GameNPC
Skona Ravine,106,giant tree frog,20-21,20,yes,GameNPC
Skona Ravine,106,great tingler,16-18,10,yes,GameNPC
Skona Ravine,106,korban,19-19,1,yes,NightSpawn
Skona Ravine,106,krrrck,25-25,1,no,NightSpawn
Skona Ravine,106,lasaer,26-26,1,yes,GameNPC
Skona Ravine,106,mokerkialfi,56-56,1,no,GameNPC
Skona Ravine,106,nagoltooth,41-41,1,yes,GameNPC
Skona Ravine,106,priestess of gashir,20-20,1,yes,GameNPC
Skona Ravine,106,ra of oak,30-30,5,yes,GameNPC
Skona Ravine,106,ra of pine,29-29,13,no,GameNPC
Skona Ravine,106,shrieking willow,18-18,9,yes,GameNPC
Skona Ravine,106,stripe,36-36,1,yes,Stripe
Skona Ravine,106,thasior,31-31,1,yes,GameNPC
Skona Ravine,106,timber cat,36-37,29,yes,GameNPC
Skona Ravine,106,timberland badger,32-33,26,yes,GameNPC;ZritZritAdd
Skona Ravine,106,tree spirit,26-27,12,yes,GameNPC
Skona Ravine,106,vindvasen,30-30,1,yes,GameNPC
Skona Ravine,106,werewolf,17-17,17,yes,GameNPC
Skona Ravine,106,werewolf guard,31-33,35,yes,GameNPC
Skona Ravine,106,werewolf lieutenant,33-34,1,yes,GameNPC
Skona Ravine,106,werewolf warder,27-30,24,yes,GameNPC
Skona Ravine,106,wind spirit,27-28,19,yes,GameNPC
Skona Ravine,106,wolfaur gladiator,40-40,1,yes,GameNPC
Skona Ravine,106,wolfaur headsman,33-36,19,yes,GameNPC
Skona Ravine,106,woodland badger,22-23,21,yes,GameNPC;StripeAdd
Skona Ravine,106,young wolverine,28-29,19,yes,GameNPC
Skona Ravine,106,zrit-zrit,35-35,1,yes,ZritZrit
Vanern Swamp,107,clay jotun guard,44-44,2,yes,GameNPC
Vanern Swamp,107,freyana,46-46,1,yes,NightSpawn
Vanern Swamp,107,hagbui guard,40-42,4,yes,GameNPC
Vanern Swamp,107,jango,62-62,1,no,GameNPC
Vanern Swamp,107,noma rindasdottir,35-35,1,yes,GameNPC
Vanern Swamp,107,rottild the traitor,55-55,1,no,GameNPC
Vanern Swamp,107,ulfketill,65-65,1,yes,Ulfketill
Raumarik,108,hagall the red dagger,58-58,1,yes,GameNPC
Raumarik,108,hugi,74-74,1,yes,Hugi
Raumarik,108,loken,65-65,2,yes,Loken
Raumarik,108,oona,65-65,1,yes,Oona
Raumarik,108,raumarik revenant,77-77,1,no,RaumarikRevenant
Raumarik,108,red dagger,46-46,4,yes,GameNPC
Raumarik,108,runemistress shayla,45-45,1,yes,GameNPC
Raumarik,108,runil,58-60,1,yes,Runil
Raumarik,108,servant of kelic,48-52,3,yes,GameNPC
Raumarik,108,wretch of winter,70-77,9,yes,WrethOfWinterArachite;WrethOfWinterCrab;WrethOfWinterIce;WrethOfWinterJotun;WrethOfWinterLich;WrethOfWinterOgre;WrethOfWinterRaumarik;WrethOfWinterScorp;WrethOfWinterSpider
Uppland,111,hitback dummy - right click to reset,36-50,2,no,HitbackDummy
Uppland,111,new mob,1-1,41,no,GuardArcher;GuardCommander;GuardCorpseSummoner;GuardFighter;GuardLord;GuardMerchant;GuardStaticArcher
Uppland,111,total: 0 dps: 0,15-50,4,no,DPSDummy
Yggdra Forest,112,new mob,1-1,31,no,GuardArcher;GuardCommander;GuardCorpseSummoner;GuardFighter;GuardLord;GuardStaticArcher
Jamtland Mountains,113,new mob,1-1,103,no,GuardArcher;GuardCommander;GuardCorpseSummoner;GuardFighter;GuardLord
Jamtland Mountains,113,rainbow sprite,32-40,28,yes,RainbowSpriteBlue;RainbowSpriteGreen;RainbowSpriteTan;RainbowSpriteWhite
Odin's Gate,115,new mob,1-1,15,no,GuardArcher;GuardCommander;GuardFighter;GuardLord
Malmohus,116,arnulv,51-51,2,yes,GameNPC
Malmohus,116,bjornvarg,56-56,2,no,GameNPC
Malmohus,116,burr,47-48,2,yes,GameNPC
Malmohus,116,desukva,54-54,1,yes,GameNPC
Malmohus,116,drakulv armguard,42-46,72,yes,GameNPC
Malmohus,116,eildird,51-51,1,yes,GameNPC
Malmohus,116,eiorharn,47-47,1,yes,GameNPC
Malmohus,116,esulv,47-47,1,yes,GameNPC
Malmohus,116,geirolf,49-52,1,yes,GameNPC
Malmohus,116,gjalpinulva,80-80,1,no,MidGjalpinulva
Malmohus,116,gunnolf,50-50,2,yes,GameNPC
Malmohus,116,hrolleif,56-56,1,yes,GameNPC
Malmohus,116,hunter's pet,0-0,2,no,GameNPC
Malmohus,116,ingardild,52-55,1,yes,GameNPC
Malmohus,116,kariig,53-53,2,yes,GameNPC
Malmohus,116,kleng,52-56,2,yes,GameNPC
Malmohus,116,ljornrn,51-51,1,yes,GameNPC
Malmohus,116,rana,49-49,1,yes,GameNPC
Malmohus,116,steinolf,55-55,1,yes,Steinolf
Malmohus,116,swarm of flies,52-54,34,no,GameNPC
Malmohus,116,ulf,52-52,1,yes,GameNPC
Malmohus,116,venomous tree crawler,55-55,3,no,GameNPC
Malmohus,116,wyulv,54-54,1,yes,GameNPC
Malmohus,116,yar,73-73,1,yes,Yar
Spindelhalla,125,danin,41-41,1,no,GameNPC
Spindelhalla,125,fas,52-52,1,yes,GameNPC
Spindelhalla,125,igo,50-50,1,yes,GameNPC
Spindelhalla,125,kalf,47-47,1,yes,GameMerchant
Spindelhalla,125,kalph,47-47,1,no,GameNPC
Spindelhalla,125,ond,53-53,1,yes,GameNPC
Spindelhalla,125,scavenger argo,50-50,1,no,GameNPC
Spindelhalla,125,smarta,37-37,1,no,GameNPC
Spindelhalla,125,stor ekyps,47-47,4,no,GameNPC
Spindelhalla,125,te'bui,35-35,1,no,GameNPC
Spindelhalla,125,vixitr,41-41,1,yes,GameNPC
Spindelhalla,125,yleg,45-45,1,yes,GameNPC
Vendo Caverns,126,goblin guard,25-27,19,yes,GameNPC
Vendo Caverns,126,grjotgard,23-23,1,yes,GameNPC
Vendo Caverns,126,vendo guard,22-25,16,yes,GameNPC
Varulvhamn,127,crazed lycantic,34-34,7,yes,GameNPC
Varulvhamn,127,faz,35-35,1,yes,GameNPC
Varulvhamn,127,frenetic wolfspider,38-38,9,yes,GameNPC
Varulvhamn,127,high lord athulf,44-44,1,yes,GameNPC
Varulvhamn,127,high lord modolfr,44-44,1,yes,GameNPC
Varulvhamn,127,high lord tarnkappe,44-44,1,yes,GameNPC
Varulvhamn,127,hresveigr,45-45,1,no,GameNPC
Varulvhamn,127,hresvelgr,46-46,1,no,GameNPC
Varulvhamn,127,king hresvelgr,46-46,1,yes,GameNPC
Varulvhamn,127,lord bete,38-38,1,yes,GameNPC
Varulvhamn,127,lord brumma,39-39,1,yes,GameNPC
Varulvhamn,127,lord gifttand,41-41,1,yes,GameNPC
Varulvhamn,127,lord grym,38-38,1,yes,GameNPC
Varulvhamn,127,lord huggtand,38-38,1,yes,GameNPC
Varulvhamn,127,lord ungar,39-39,1,yes,GameNPC
Varulvhamn,127,lord vild,38-38,1,yes,GameNPC
Varulvhamn,127,manstrale,36-36,1,no,GameNPC
Varulvhamn,127,ritter,39-39,1,no,GameNPC
Varulvhamn,127,thelod,36-36,1,yes,GameNPC
Varulvhamn,127,werewolf bodyguard,37-37,11,yes,GameNPC
Varulvhamn,127,werewolf churl,34-34,17,yes,GameNPC
Varulvhamn,127,werewolf elite guard,41-45,60,yes,GameNPC
Varulvhamn,127,werewolf grimnought,39-39,5,yes,GameNPC
Varulvhamn,127,werewolf royal guard,42-46,65,yes,GameNPC
Varulvhamn,127,wolfaur lunarian,39-39,10,yes,GameNPC
Varulvhamn,127,wolfaur quixot,37-37,46,yes,GameNPC
Varulvhamn,127,wolfspider,25-25,5,yes,GameNPC
Cursed Tomb,128,bevard,23-23,1,yes,GameNPC
Cursed Tomb,128,cave spider,13-14,2,yes,GameNPC
Cursed Tomb,128,draugr commander,23-23,1,yes,GameNPC
Cursed Tomb,128,dread lichess,26-26,1,yes,GameNPC
Cursed Tomb,128,haggert,23-23,1,yes,GameNPC
Cursed Tomb,128,lost spirit,19-19,9,yes,GameNPC
Cursed Tomb,128,rotting corpse,24-24,1,yes,GameNPC
Cursed Tomb,128,tomb priestess,23-23,1,yes,GameNPC
Cursed Tomb,128,tomb sentry,19-23,17,yes,GameNPC
Cursed Tomb,128,troika,24-24,1,yes,GameNPC
Cursed Tomb,128,way keeper,19-20,1,yes,GameNPC
Nisse's Lair,129,callilepis nocturna,19-19,1,yes,GameNPC
Nisse's Lair,129,executioner,13-13,1,yes,GameNPC
Nisse's Lair,129,hnaki,20-20,1,yes,GameNPC
Nisse's Lair,129,lair guard,10-11,37,yes,GameNPC
Nisse's Lair,129,nioll,11-11,1,yes,GameNPC
Nisse's Lair,129,ripp,25-25,1,no,GameNPC
Nisse's Lair,129,rygnol,12-12,1,yes,GameNPC
Nisse's Lair,129,skirr,22-22,1,yes,GameNPC
Nisse's Lair,129,tomte guard,16-18,18,yes,GameNPC
Trollheim,150,alchemist phorzbreg,65-65,1,no data,GameNPC
Trollheim,150,apologet nesnuir,67-67,1,no data,GameNPC
Trollheim,150,bagskytt hem'varn,60-66,12,no data,GameNPC
Trollheim,150,captain hem'varn,64-64,2,no data,GameNPC
Trollheim,150,dagar,60-60,1,no data,Dagar
Trollheim,150,elite hem'varn,63-68,9,no data,GameNPC
Trollheim,150,faurs hem'varn,59-63,24,no data,GameNPC
Trollheim,150,fostra orm,61-61,1,no data,FostraOrm
Trollheim,150,grindvaktare,56-56,1,no data,GameNPC
Trollheim,150,jarala den kvinnlig,60-60,1,no data,GameEpicDungeonNPC
Trollheim,150,magister kurgol,65-65,1,no data,GameNPC
Trollheim,150,master smed,58-58,1,no data,GameNPC
Trollheim,150,morvalt fornskugga,55-55,22,no data,GameNPC
Trollheim,150,morvalt skugga,52-60,137,no data,GameNPC
Trollheim,150,morvalt spjut master,61-61,7,no data,GameNPC
Trollheim,150,morvalt svard master,59-59,10,no data,GameNPC
Trollheim,150,morvalt yxa master,57-57,1,no data,GameNPC
Trollheim,150,nedat gungledar,70-70,1,no data,GameNPC
Trollheim,150,nosdoden,80-80,1,no data,Nosdoden
Trollheim,150,olen den bartender,67-67,1,no data,GameNPC
Trollheim,150,overste callejo,65-65,1,no data,GameNPC
Trollheim,150,rotodjur,71-71,1,no data,Rotoddjur
Trollheim,150,sallours,62-62,1,no data,GameNPC
Trollheim,150,snemel den forsumlig,65-65,1,no data,GameNPC
Trollheim,150,soldat hem'varn,58-62,13,no data,GameNPC
Trollheim,150,storrow,64-64,1,no data,GameEpicNPC
Trollheim,150,trollkarl bonchar,62-65,2,no data,GameNPC;Rift
Trollheim,150,trollkarl tranare,64-64,11,no data,GameNPC
Trollheim,150,troloss,54-54,1,no data,GameNPC
Trollheim,150,uppat gungledar,77-77,1,no data,GameNPC
Trollheim,150,uppat korkigen,56-56,27,no data,GameNPC
Aegir's Landing,151,durl,13-13,1,no data,GameNPC
Aegir's Landing,151,enraged scimitar kit,8-8,1,no data,GameNPC
Aegir's Landing,151,gohl,11-11,1,no data,GameNPC
Aegir's Landing,151,ibicus,14-14,1,no data,GameNPC
Aegir's Landing,151,ixich,13-13,1,no data,GameNPC
Aegir's Landing,151,krum,17-17,1,no data,GameNPC
Aegir's Landing,151,musslaklan trader,16-16,1,no data,GameNPC
Aegir's Landing,151,rith,15-15,1,no data,GameNPC
Aegir's Landing,151,sand jelly,9-15,71,no data,GameNPC
Aegir's Landing,151,shambling shade,15-15,1,no data,GameNPC
Aegir's Landing,151,shreg,22-22,1,no data,GameNPC
Aegir's Landing,151,soxulfr,2-2,1,no data,GameNPC
Aegir's Landing,151,talvor,22-22,1,no data,GameNPC
Aegir's Landing,151,torg the hunter,19-19,1,no data,GameNPC
Aegir's Landing,151,torlieva,15-15,1,no data,GameNPC
Aegir's Landing,151,uger,15-15,1,no data,GameNPC
Gripklosa Mountains,152,bergklan slopewatcher,42-46,4,no data,GameNPC
Gripklosa Mountains,152,beskydda grundar,41-41,1,no data,GameNPC
Gripklosa Mountains,152,idette,27-27,1,no data,GameNPC
Gripklosa Mountains,152,kreg,38-38,1,no data,GameNPC
Gripklosa Mountains,152,loden,26-26,1,no data,GameNPC
Gripklosa Mountains,152,mammoth herdguard,39-39,27,no data,GameNPC
Gripklosa Mountains,152,morvalt avliden,50-50,26,no data,GameNPC
Gripklosa Mountains,152,morvalt framkalla,47-52,26,no data,GameNPC
Gripklosa Mountains,152,old matriarch,57-57,1,no data,GameNPC
Gripklosa Mountains,152,pelterer blegkrak,29-29,1,no data,GameNPC
Gripklosa Mountains,152,redcap butcher,53-61,19,no data,GameNPC
Gripklosa Mountains,152,sha-ra,45-45,1,no data,GameNPC
Gripklosa Mountains,152,streber rengo,33-33,1,no data,GameNPC
Gripklosa Mountains,152,vaetild,30-30,1,no data,GameNPC
Delling Crater,153,anicho,45-45,1,no data,GameNPC
Delling Crater,153,brunhil,50-50,1,no data,GameMerchant
Delling Crater,153,cave lioness,38-42,3,no data,GameNPC
Delling Crater,153,dellingstad alblastere,48-56,20,no data,GameNPC
Delling Crater,153,dellingstad citizen,45-47,4,no data,GameNPC
Delling Crater,153,dellingstad fortifier,48-56,15,no data,GameNPC
Delling Crater,153,dellingstad miner,45-50,9,no data,GameNPC
Delling Crater,153,dellingstad soothsayer,52-53,5,no data,GameNPC
Delling Crater,153,forgemaster brungar,52-52,1,no data,GameMerchant
Delling Crater,153,griffon scout,43-49,3,no data,GameNPC
Delling Crater,153,griffon sweep leader,44-44,1,no data,GameNPC
Delling Crater,153,griffon sweeper,40-40,1,no data,GameNPC
Delling Crater,153,hako,38-38,1,no data,GameNPC
Delling Crater,153,hrimthursa guard,40-44,53,no data,GameNPC
Delling Crater,153,kampestein,45-45,1,no data,GameNPC
Delling Crater,153,khrin,50-50,1,no data,GameNPC
Delling Crater,153,klippe,43-43,1,no data,GameNPC
Delling Crater,153,mammoth herdguard,39-39,7,no data,GameNPC
Delling Crater,153,ornulf,47-47,1,no data,GameNPC
Delling Crater,153,smastein,37-37,1,no data,GameNPC
Delling Crater,153,vorkald,52-52,1,no data,GameNPC
Delling Crater,153,weaponmaster zargin,54-54,1,no data,GameNPC
Delling Crater,153,zargin's student,45-49,5,no data,GameNPC
Faraheim,154,bokko,60-60,1,no data,GameNPC
Faraheim,154,boligar,64-64,1,no data,Boligar
Faraheim,154,cronk,63-63,1,no data,Cronk
Faraheim,154,dalgo,70-70,1,no data,Dalgo
Faraheim,154,dalicren,59-59,1,no data,GameNPC
Faraheim,154,goretooth,68-68,1,no data,Goretooth
Faraheim,154,gorp,54-54,1,no data,GameNPC
Faraheim,154,luso,50-50,1,no data,GameNPC
Faraheim,154,minerva,50-50,1,no data,GameStableMaster
Faraheim,154,morbax,56-56,1,no data,GameNPC
Faraheim,154,pathfinder folar,50-50,1,no data,GameNPC
Faraheim,154,shredclaw,66-66,1,no data,Shredclaw
Faraheim,154,trude,54-54,1,no data,GameNPC
Faraheim,154,unne,41-41,1,no data,GameNPC
Faraheim,154,uppsala,54-54,1,no data,GameNPC
Faraheim,154,valmak,64-64,1,no data,Valmak
Faraheim,154,wulok,54-54,1,no data,GameNPC
Munin Sound,155,ancestral skalklan,32-39,20,no data,GameNPC
Munin Sound,155,edrigu,34-34,1,no data,GameNPC
Munin Sound,155,ghirni,25-25,1,no data,GameNPC
Munin Sound,155,predacious mushroom,18-21,8,no data,GameNPC
Munin Sound,155,sea spray,19-24,13,no data,GameNPC
Munin Sound,155,ulif,36-36,1,no data,GameNPC
Munin Sound,155,urtzi,42-42,1,no data,GameNPC
Iarnwood,156,aage,56-56,1,no data,GameMerchant
Iarnwood,156,chief tarek,68-68,1,no data,ChiefTarek
Iarnwood,156,forest skrat,48-55,3,no data,GameNPC
Iarnwood,156,koli,52-52,1,no data,GameNPC
Iarnwood,156,masher,64-64,1,no data,GameNPC
Iarnwood,156,sariloc,48-48,1,no data,GameNPC
Iarnwood,156,syn,59-59,1,no data,Blacksmith
Iarnwood,156,unok,55-55,1,no data,GameNPC
Iarnwood,156,vasrem,70-70,1,no data,Vasrem
Modernagrav,158,alivor,50-50,1,no data,GameNPC
Modernagrav,158,asutri,50-50,1,no data,GameNPC
Modernagrav,158,basilius,66-66,1,no data,Basilius
Modernagrav,158,fisk,42-42,1,no data,GameNPC
Modernagrav,158,grul mgnuk,58-58,1,no data,GameNPC
Modernagrav,158,hoden,60-60,1,no data,GameNPC
Modernagrav,158,mortufoghus,77-77,1,no data,Mortufoghus
Modernagrav,158,morvalt blandare,44-46,35,no data,GameNPC
Modernagrav,158,pirmin,45-45,1,no data,GameNPC
Modernagrav,158,rolf,50-50,1,no data,GameNPC
Modernagrav,158,shiake,44-44,1,no data,GameNPC
Modernagrav,158,spectral sjoalf waverunner,36-40,4,no data,GameNPC
Modernagrav,158,thawing corpse,31-31,1,no data,GameNPC
Tuscaran Glacier,160,council hord,77-77,1,no data,Hord
Tuscaran Glacier,160,council nokkvi,78-78,1,no data,Nokkvi
Tuscaran Glacier,160,council otrygg,77-77,1,no data,Otrygg
Tuscaran Glacier,160,council ozur,77-77,1,no data,Ozur
Tuscaran Glacier,160,council vagn,78-78,1,no data,Vagn
Tuscaran Glacier,160,elder council birghir,80-80,1,no data,Birghir
Tuscaran Glacier,160,elder council guthlac,80-80,1,no data,Guthlac
Tuscaran Glacier,160,fornfrusenen,75-75,1,no data,Fornfrusenen
Tuscaran Glacier,160,hrimathursa tormentor,77-79,19,no data,GameEpicNPC
Tuscaran Glacier,160,hrimthursa throne guard,77-79,15,no data,GameEpicNPC
Tuscaran Glacier,160,hurika,85-85,1,no data,Hurika
Tuscaran Glacier,160,icelord agmundr,81-81,1,no data,Agmundr
Tuscaran Glacier,160,icelord hakr,82-82,1,no data,Hakr
Tuscaran Glacier,160,icelord kvasir,80-80,1,no data,Kvasir
Tuscaran Glacier,160,icelord skuf,80-80,1,no data,Skuf
Tuscaran Glacier,160,icelord steinvor,80-80,1,no data,Steinvor
Tuscaran Glacier,160,issorden,78-78,1,no data,Issorden
Tuscaran Glacier,160,jailer vifil,82-82,1,no data,Jailer
Tuscaran Glacier,160,king tuscar,85-85,1,no data,KingTuscar
Tuscaran Glacier,160,lesser icebound skeleton,58-60,25,no data,GameNPC
Tuscaran Glacier,160,queen kula,85-85,1,no data,QueenKula
Tuscaran Glacier,160,royal iceweaver,78-78,1,no data,GameEpicNPC
Tuscaran Glacier,160,torst,80-80,1,no data,Torst
Iarnvidiur's Lair,161,ancient syver,68-68,1,no data,AncientSyver
Iarnvidiur's Lair,161,animus rondjur,62-62,14,no data,GameNPC
Iarnvidiur's Lair,161,delegalt,65-68,1,no data,Delegalt
Iarnvidiur's Lair,161,droom,65-68,1,no data,Droom
Iarnvidiur's Lair,161,dyranapur,59-59,1,no data,Dyranapur
Iarnvidiur's Lair,161,grymvarg,62-62,28,no data,GameNPC
Iarnvidiur's Lair,161,hati,69-69,1,no data,Hati
Iarnvidiur's Lair,161,hurjavelen,68-68,1,no data,Hurjavelen
Iarnvidiur's Lair,161,iarnvidiur,75-75,1,no data,Iarnvidiur
Iarnvidiur's Lair,161,lydsyg,58-58,1,no data,Lydsyg
Iarnvidiur's Lair,161,mahattava,66-66,1,no data,Mahattava
Iarnvidiur's Lair,161,redcap ermit,61-61,16,no data,GameNPC
Iarnvidiur's Lair,161,skoll,69-69,1,no data,Skoll
Iarnvidiur's Lair,161,stanga,66-66,1,no data,Stanga
Lough Derg,200,bertha,14-14,1,yes,Bertha
Lough Derg,200,bristle,13-13,1,yes,GameNPC
Lough Derg,200,campkeeper,15-17,3,yes,GameNPC
Lough Derg,200,curmudgeon fighter,16-18,9,yes,GameNPC
Lough Derg,200,dacyn,8-8,1,no,GameNPC
Lough Derg,200,duana,14-14,1,yes,GameNPC
Lough Derg,200,dwayne,3-3,1,no,GameNPC
Lough Derg,200,fishing bear forager,13-14,8,yes,GameNPC
Lough Derg,200,hazard,9-9,1,no,GameNPC
Lough Derg,200,hughar,16-16,1,yes,GameNPC
Lough Derg,200,large eirebug,9-11,10,yes,GameNPC
Lough Derg,200,mist sheerie,20-21,1,yes,GameNPC
Lough Derg,200,morty,11-11,1,yes,Morty
Lough Derg,200,nock,13-13,1,no,GameNPC
Lough Derg,200,nofier,25-25,1,no,GameNPC
Lough Derg,200,prunar,10-10,1,yes,GameNPC
Lough Derg,200,rock sheerie,18-21,15,yes,GameNPC
Lough Derg,200,rounder,22-22,1,yes,GameNPC
Lough Derg,200,sabha,3-3,1,no,GameNPC
Lough Derg,200,singing curmudgeon,17-17,2,yes,GameNPC
Lough Derg,200,small walking boulder,2-3,3,no,GameNPC
Lough Derg,200,spackit,4-4,1,no,GameNPC
Lough Derg,200,spectral orchard nipper,10-10,1,no,GameNPC
Lough Derg,200,spykit,4-4,1,yes,GameNPC
Lough Derg,200,tharl,19-19,1,yes,GameNPC
Lough Derg,200,xerxes,6-6,1,no,GameNPC
Silvermine Mts.,201,chieftain dergal,24-24,1,yes,GameNPC
Silvermine Mts.,201,deamhan creig,17-18,6,yes,GameNPC
Silvermine Mts.,201,druid,18-18,4,yes,GameNPC
Silvermine Mts.,201,enchanted luricaduane,23-23,1,yes,GameNPC
Silvermine Mts.,201,gray spectre,22-24,52,yes,NightSpawn
Silvermine Mts.,201,mountain mephit,20-23,8,no,GameNPC
Silvermine Mts.,201,nictol the unkempt,28-28,1,no,GameNPC
Silvermine Mts.,201,overseer camlin,26-26,1,no,GameNPC
Silvermine Mts.,201,pebble,25-25,1,yes,GameNPC
Silvermine Mts.,201,rolling stone,23-23,1,no,GameNPC
Silvermine Mts.,201,sapper,18-18,1,yes,GameNPC
Silvermine Mts.,201,sargoth,25-25,1,no,GameNPC
Silvermine Mts.,201,scar-nose,26-26,1,yes,GameNPC
Silvermine Mts.,201,seireadan,3-3,1,no,GameNPC
Silvermine Mts.,201,sheevra chieftain,15-16,5,yes,GameNPC
Silvermine Mts.,201,sheevra miner,13-14,9,yes,GameNPC
Silvermine Mts.,201,small walking boulder,2-3,29,no,GameNPC
Silvermine Mts.,201,spraggonet,23-28,26,no,GameNPC
Silvermine Mts.,201,spraggonilt,15-22,28,no,GameNPC
Silvermine Mts.,201,spraggonix,25-26,3,no,GameNPC
Silvermine Mts.,201,stinky,16-16,1,yes,GameNPC
Silvermine Mts.,201,stone sheerie,19-22,8,yes,GameNPC
Silvermine Mts.,201,tiny eirebug,22-22,1,no,GameNPC
Silvermine Mts.,201,ualtar,20-20,1,no,GameNPC
Shannon Estuary,202,arracht,38-38,1,yes,GameNPC
Shannon Estuary,202,danderpaw,36-36,1,yes,GameNPC
Shannon Estuary,202,eriu fiscere,13-15,10,yes,GameNPC
Shannon Estuary,202,eriu henter,19-22,23,yes,GameNPC
Shannon Estuary,202,eriu kedger,16-18,3,yes,GameNPC
Shannon Estuary,202,far liath,31-32,5,yes,GameNPC
Shannon Estuary,202,gurite footpad,16-16,1,no,GameNPC
Shannon Estuary,202,kaen kedger,34-34,1,yes,GameNPC
Shannon Estuary,202,kirwyn,26-26,1,no,GameNPC
Shannon Estuary,202,lethe,32-32,1,yes,GameNPC
Shannon Estuary,202,lugradan,25-30,4,no,GameNPC
Shannon Estuary,202,solas,34-34,1,no,GameNPC
Shannon Estuary,202,spraggonix,25-26,7,no,GameNPC
Shannon Estuary,202,spraggonix elder,31-33,2,no,GameNPC
Shannon Estuary,202,srandamar,23-23,1,yes,GameNPC
Shannon Estuary,202,walking rock,24-24,9,no,GameNPC
Valley of Bri Leith,206,blademaster,15-15,1,no,GameNPC
Valley of Bri Leith,206,druid,18-18,5,yes,GameNPC
Valley of Bri Leith,206,empyrean elder,41-44,3,yes,GameNPC
Valley of Bri Leith,206,empyrean guardian,34-38,36,yes,GameNPC
Valley of Bri Leith,206,empyrean keeper,23-25,1,yes,GameNPC
Valley of Bri Leith,206,empyrean orb,10-10,6,yes,GameNPC
Valley of Bri Leith,206,empyrean overseer,37-39,15,yes,GameNPC
Valley of Bri Leith,206,empyrean sentinel,25-29,4,yes,GameNPC
Valley of Bri Leith,206,empyrean watcher,16-18,6,yes,GameNPC
Valley of Bri Leith,206,empyrean wisp,13-15,11,yes,GameNPC
Valley of Bri Leith,206,erhael,27-27,1,no,GameNPC
Valley of Bri Leith,206,faerie drake,20-22,24,yes,GameNPC
Valley of Bri Leith,206,faerie horse,18-23,17,yes,GameNPC
Valley of Bri Leith,206,faerie steed,19-24,14,yes,GameNPC
Valley of Bri Leith,206,fearan,15-15,1,yes,GameNPC
Valley of Bri Leith,206,fee lion,25-27,10,yes,GameNPC
Valley of Bri Leith,206,fury sprite,14-16,5,yes,GameNPC
Valley of Bri Leith,206,grass sheerie,13-15,15,yes,GameNPC
Valley of Bri Leith,206,guardian hru,40-40,1,yes,GameNPC
Valley of Bri Leith,206,hill hound,18-20,5,yes,GameNPC
Valley of Bri Leith,206,keeper rasa,26-26,1,yes,GameNPC
Valley of Bri Leith,206,mad changeling,27-29,16,yes,Changeling
Valley of Bri Leith,206,merman,18-18,4,yes,GameNPC
Valley of Bri Leith,206,mikka,50-50,1,yes,GameNPC
Valley of Bri Leith,206,miner cucugar,13-13,1,no,GameNPC
Valley of Bri Leith,206,niy the overseer,40-40,1,yes,GameNPC
Valley of Bri Leith,206,nymir,27-27,1,no,GameNPC
Valley of Bri Leith,206,rage wolf,31-32,8,yes,GameNPC
Valley of Bri Leith,206,riocard,28-28,1,yes,GameNPC
Valley of Bri Leith,206,siog seeker,28-31,25,yes,GameNPC
Valley of Bri Leith,206,siog waylayer,19-19,3,yes,GameNPC
Valley of Bri Leith,206,sloithi,17-17,1,yes,GameNPC
Valley of Bri Leith,206,tric,25-25,1,yes,GameNPC
Valley of Bri Leith,206,veil wisp,11-13,19,yes,GameNPC
Valley of Bri Leith,206,watcher rylie,19-19,1,yes,WatcherRylie
Valley of Bri Leith,206,wilde,24-24,1,yes,GameNPC
Valley of Bri Leith,206,wrath sprite,27-28,8,yes,GameNPC
Connacht,207,alp luachra,29-31,12,yes,GameNPC
Connacht,207,amadan,39-39,1,yes,GameNPC
Connacht,207,amadan dubh,42-42,1,yes,GameNPC
Connacht,207,azure idolater,24-25,8,yes,GameNPC
Connacht,207,bocan,15-15,1,no,GameNPC
Connacht,207,bodachan sabhaill,2-4,4,yes,GameNPC
Connacht,207,chieftain ultan,15-15,1,no,GameNPC
Connacht,207,cluricaun,22-24,23,yes,GameNPC
Connacht,207,cluricaun trip,7-9,8,no,GameNPC
Connacht,207,curmudgeon crab-catcher,7-7,5,no,GameNPC
Connacht,207,curmudgeon harvester,9-11,4,yes,GameNPC
Connacht,207,daewain,15-15,1,yes,Daewain
Connacht,207,famine,32-32,1,yes,GameNPC
Connacht,207,feckless lucragan,4-4,10,yes,GameNPC
Connacht,207,follower of ultan,14-14,1,no,GameNPC
Connacht,207,ghoulie,20-22,1,no,GameNPC
Connacht,207,grumoz demon,10-11,4,yes,GameNPC
Connacht,207,hitback dummy - right click to reset,36-50,2,no,HitbackDummy
Connacht,207,irewood sapling,21-22,11,yes,GameNPC
Connacht,207,irewood seedling,4-5,1,no,GameNPC
Connacht,207,juliy the jester,15-15,1,no,GameNPC
Connacht,207,lough wolf,7-9,9,no,GameNPC
Connacht,207,lucan,6-7,1,no,GameNPC
Connacht,207,manes demon,7-8,5,yes,GameNPC
Connacht,207,merucha,30-33,6,yes,GameNPC
Connacht,207,orik,17-17,1,yes,GameNPC
Connacht,207,parthanan,17-18,24,yes,Parthanan
Connacht,207,phantom wickerman,28-30,5,yes,GameNPC;NightSpawn
Connacht,207,pikebane,22-22,1,yes,GameNPC
Connacht,207,pookha,33-35,10,yes,GameNPC
Connacht,207,rathil o'carolan,17-17,1,no,GameNPC
Connacht,207,siabra raider,37-39,8,no,GameNPC
Connacht,207,spraggonoll,7-9,6,yes,GameNPC
Connacht,207,spykit,4-4,1,no,GameNPC
Connacht,207,total: 0 dps: 0,10-50,3,no,DPSDummy
Connacht,207,touched,39-39,1,yes,GameNPC
Connacht,207,voice of the azure,27-27,6,no,GameNPC
Connacht,207,walking rock,24-24,1,yes,GameNPC
Connacht,207,wild crouch,5-6,8,yes,GameNPC
Connacht,207,windaille,6-6,1,yes,GameNPC
Connacht,207,young irewood,24-28,42,yes,GameNPC
Mount Collory,210,aughisky,31-33,3,yes,GameNPC
Mount Collory,210,faerie badger,32-34,6,yes,GameNPC
Mount Collory,210,grovewood,38-40,6,yes,GameNPC
Mount Collory,210,hillock changeling,35-37,30,yes,Changeling
Mount Collory,210,irewood sapling,21-22,6,yes,GameNPC
Mount Collory,210,new mob,1-1,47,no,GuardArcher;GuardCommander;GuardCorpseSummoner;GuardFighter;GuardLord
Mount Collory,210,sett dweller,27-31,6,yes,GameNPC
Mount Collory,210,sett matron,35-38,6,yes,GameNPC
Mount Collory,210,sett protector,32-33,6,yes,GameNPC
Breifine,212,evern,76-76,1,yes,Evern
Breifine,212,new mob,1-1,25,no,GuardArcher;GuardCommander;GuardCorpseSummoner;GuardFighter;GuardLord;GuardStaticArcher
Emain Macha,214,new mob,1-1,24,no,GuardArcher;GuardCommander;GuardFighter;GuardLord;GuardMerchant
Muire Tomb,221,frang,20-20,1,no,GameNPC
Muire Tomb,221,muire champion,19-20,7,yes,GameNPC
Muire Tomb,221,muire herbalist,18-20,3,yes,GameNPC;MuireHerbalist
Muire Tomb,221,muire hero,19-21,2,yes,GameNPC
Muire Tomb,221,mummy hag wizard,17-20,2,yes,GameNPC
Muire Tomb,221,quillan muire,24-24,1,yes,QuillanMuire
Spraggon Den,222,dramacus,30-30,1,yes,Dramacus
Spraggon Den,222,ick,22-22,1,no,Ick
Spraggon Den,222,pit boss,23-25,10,yes,GameNPC
Spraggon Den,222,ruckus,26-26,1,no,Ruckus
Spraggon Den,222,spraggon runner,21-23,10,yes,GameNPC
Spraggon Den,222,spraggon springer,19-25,37,yes,GameNPC
Spraggon Den,222,spraggonale,22-23,11,no,GameNPC
Spraggon Den,222,spraggonix,25-26,30,yes,GameNPC
Spraggon Den,222,spraggonote,24-28,32,yes,GameNPC
Spraggon Den,222,spriggit,26-26,1,yes,Spriggit
Spraggon Den,222,tabor,28-28,1,yes,Tabor
Spraggon Den,222,yadda,27-27,1,yes,Yadda
Passage of Conflict,244,busiv,72-72,1,no data,GameNPC
Passage of Conflict,244,condemned outlaw,55-55,4,no data,GameNPC
Passage of Conflict,244,demonic wolfhound,56-56,1,no data,GameNPC
Passage of Conflict,244,drevaul,72-72,1,no data,GameNPC
Passage of Conflict,244,follower of oar,54-57,4,no data,GameNPC
Passage of Conflict,244,oarling,52-58,4,no data,GameNPC
Passage of Conflict,244,prince oar,65-65,1,no data,GameNPC
Passage of Conflict,244,redeemed soldier,54-57,3,no data,GameNPC
Passage of Conflict,244,ritualist of oar,52-60,7,no data,GameNPC
Passage of Conflict,244,shade,63-63,1,no data,GameNPC
Passage of Conflict,244,zilistiphle,65-65,1,no data,GameNPC
Dodens Gruva,246,aros the spiritmaster,72-72,1,yes,SpiritmasterAros
Dodens Gruva,246,gudlaugr,64-64,1,yes,Gudlaugr
Dodens Gruva,246,hamar,61-61,1,yes,Hamar
Dodens Gruva,246,jarl ormarr,65-65,1,yes,JarlOrmarr
Dodens Gruva,246,mistress of runes,63-63,1,yes,MistressRunes
Dodens Gruva,246,thane dyggve,66-66,1,yes,ThaneDyggve
Dodens Gruva,246,undead guard,49-49,8,yes,GameNPC
Darkness Falls,249,ambassador mannam,65-65,1,yes,GameEpicNPC
Darkness Falls,249,behemoth,99-99,1,no,Behemoth
Darkness Falls,249,caisha,50-50,1,yes,GameNPC
Darkness Falls,249,chamberlain,79-79,1,yes,GameEpicNPC
Darkness Falls,249,chaosian,55-60,57,yes,GameNPC
Darkness Falls,249,chthonic knight absax,70-70,1,yes,GameEpicNPC
Darkness Falls,249,chthonic knight aciel,59-62,1,yes,GameEpicNPC
Darkness Falls,249,chthonic knight ain,62-62,1,yes,GameEpicNPC
Darkness Falls,249,chthonic knight azea,70-70,1,yes,GameEpicNPC
Darkness Falls,249,chthonic knight babyzu,65-65,1,yes,GameEpicNPC
Darkness Falls,249,chthonic knight carabia,65-65,1,no,GameEpicNPC
Darkness Falls,249,chthonic knight carnivon,64-64,1,yes,GameEpicNPC
Darkness Falls,249,chthonic knight exal,68-68,1,yes,GameEpicNPC
Darkness Falls,249,chthonic knight exte,60-60,1,yes,GameEpicNPC
Darkness Falls,249,chthonic knight ezpeth,66-66,1,yes,GameEpicNPC
Darkness Falls,249,chthonic knight fonath,74-74,1,yes,GameEpicNPC
Darkness Falls,249,chthonic knight gaapoler,72-72,1,yes,GameEpicNPC
Darkness Falls,249,chthonic knight haag,66-72,1,yes,GameEpicNPC
Darkness Falls,249,chthonic knight ibeko,60-60,1,yes,GameEpicNPC
Darkness Falls,249,chthonic knight marbos,68-68,1,yes,GameEpicNPC
Darkness Falls,249,chthonic knight obarus,60-60,1,yes,GameEpicNPC
Darkness Falls,249,chthonic knight olov,64-64,1,yes,GameEpicNPC
Darkness Falls,249,chthonic knight prosel,64-64,1,yes,GameEpicNPC
Darkness Falls,249,chthonic knight ronoro,66-66,1,yes,GameEpicNPC
Darkness Falls,249,chthonic knight tamuel,64-64,1,yes,GameEpicNPC
Darkness Falls,249,chthonic knight ukobat,66-66,1,yes,GameEpicNPC
Darkness Falls,249,chthonic knight vosoes,66-72,1,yes,GameEpicNPC
Darkness Falls,249,chthonic knight zaeber,68-68,1,yes,GameEpicNPC
Darkness Falls,249,chthonic knight zafan,67-67,1,yes,GameEpicNPC
Darkness Falls,249,chthonic knight zagal,70-70,1,yes,GameEpicNPC
Darkness Falls,249,clinging soul,42-42,26,no,GameNPC
Darkness Falls,249,director kobil,53-53,1,yes,GameEpicNPC
Darkness Falls,249,duke alloc,75-75,1,yes,GameEpicNPC
Darkness Falls,249,duke aypol,75-75,1,yes,GameEpicNPC
Darkness Falls,249,duke bimure,75-75,1,yes,GameEpicNPC
Darkness Falls,249,duke eligar,75-75,1,yes,GameEpicNPC
Darkness Falls,249,duke harboris,67-75,1,yes,GameEpicNPC
Darkness Falls,249,duke sallis,67-75,1,yes,GameEpicNPC
Darkness Falls,249,duke satori,67-75,1,yes,GameEpicNPC
Darkness Falls,249,duke zepor,64-64,1,yes,GameEpicNPC
Darkness Falls,249,earl amagin,71-71,1,yes,GameEpicNPC
Darkness Falls,249,earl fenex,71-71,1,yes,GameEpicNPC
Darkness Falls,249,earl glassalab,71-71,1,yes,GameEpicNPC
Darkness Falls,249,earl ipostian,71-71,1,yes,GameEpicNPC
Darkness Falls,249,earl mercur,71-71,1,yes,GameEpicNPC
Darkness Falls,249,earl mermer,71-71,1,yes,GameEpicNPC
Darkness Falls,249,earl oraxus,71-71,1,yes,GameEpicNPC
Darkness Falls,249,earl vone,71-71,1,yes,GameNPC
Darkness Falls,249,earl zh'alzhak,67-71,1,no,GameEpicNPC
Darkness Falls,249,field marshal nebir,70-70,1,yes,GameEpicNPC
Darkness Falls,249,gatekeeper dommel,65-65,1,yes,GameEpicNPC
Darkness Falls,249,grand chancellor adremal,79-79,1,yes,GameEpicNPC
Darkness Falls,249,high lord baelerdoth,80-80,1,yes,HighLordBaelerdoth
Darkness Falls,249,high lord baln,70-70,1,yes,HighLordBaln
Darkness Falls,249,high lord oro,65-70,3,yes,HighLordOro;HighLordOroClone
Darkness Falls,249,high lord saeor,70-70,1,yes,HighLordSaeor
Darkness Falls,249,inquisitor asil,66-66,1,yes,GameEpicNPC
Darkness Falls,249,inquisitor bor,70-70,1,yes,GameEpicNPC
Darkness Falls,249,inquisitor eciraum,66-66,1,yes,GameEpicNPC
Darkness Falls,249,inquisitor factol,60-65,1,yes,GameEpicNPC
Darkness Falls,249,inquisitor famuel,74-74,1,yes,GameEpicNPC
Darkness Falls,249,inquisitor haap,70-70,1,yes,GameEpicNPC
Darkness Falls,249,inquisitor hadis,65-65,1,yes,GameEpicNPC
Darkness Falls,249,inquisitor haimir,68-68,1,yes,GameEpicNPC
Darkness Falls,249,inquisitor hellos,59-68,1,yes,GameEpicNPC
Darkness Falls,249,inquisitor irawn,60-60,1,yes,GameEpicNPC
Darkness Falls,249,inquisitor lokis,60-60,1,yes,GameEpicNPC
Darkness Falls,249,inquisitor medebo,60-60,1,yes,GameEpicNPC
Darkness Falls,249,inquisitor morg,68-68,1,yes,GameEpicNPC
Darkness Falls,249,inquisitor morrian,65-65,1,yes,GameEpicNPC
Darkness Falls,249,inquisitor mucifen,64-64,1,yes,GameEpicNPC
Darkness Falls,249,inquisitor nej,64-68,1,yes,GameEpicNPC
Darkness Falls,249,inquisitor nifil,64-64,1,yes,GameEpicNPC
Darkness Falls,249,inquisitor niloc,66-66,1,yes,GameEpicNPC
Darkness Falls,249,inquisitor tlaw,68-68,1,yes,GameEpicNPC
Darkness Falls,249,inquisitor yor,68-68,1,yes,GameEpicNPC
Darkness Falls,249,inquisitor zaviben,72-72,1,yes,GameEpicNPC
Darkness Falls,249,inquisitor zazinol,72-72,1,yes,GameEpicNPC
Darkness Falls,249,lecherous gress,40-40,1,yes,GameNPC
Darkness Falls,249,legion,83-83,1,yes,Legion
Darkness Falls,249,lieutenant gargantan,68-68,1,yes,GameEpicNPC
Darkness Falls,249,lieutenant loran,68-68,1,yes,GameEpicNPC
Darkness Falls,249,lieutenant persun,68-68,1,yes,GameEpicNPC
Darkness Falls,249,malroch the cook,43-43,1,yes,GameNPC
Darkness Falls,249,marquis almen,70-70,1,yes,GameEpicNPC
Darkness Falls,249,marquis chaosmar,73-73,2,yes,GameEpicNPC
Darkness Falls,249,marquis dortaleon,73-73,1,yes,GameEpicNPC
Darkness Falls,249,marquis focalleste,73-73,1,yes,GameEpicNPC
Darkness Falls,249,marquis haurian,67-70,1,no,GameEpicNPC
Darkness Falls,249,marquis sabonach,73-73,1,yes,GameEpicNPC
Darkness Falls,249,marquis scottiax,73-73,1,yes,GameEpicNPC
Darkness Falls,249,marquis valupa,73-73,1,yes,GameEpicNPC
Darkness Falls,249,mutilator axtanax,60-60,1,yes,GameEpicNPC
Darkness Falls,249,mutilator ezerak,65-67,1,no,GameEpicNPC
Darkness Falls,249,mutilator felrath,65-67,1,no,GameEpicNPC
Darkness Falls,249,mutilator konapher,74-74,1,yes,GameEpicNPC
Darkness Falls,249,mutilator laicanroth,67-67,1,yes,GameEpicNPC
Darkness Falls,249,mutilator lazorous,64-64,1,yes,GameEpicNPC
Darkness Falls,249,mutilator marbozer,68-68,1,yes,GameEpicNPC
Darkness Falls,249,mutilator namox,64-67,1,no,GameEpicNPC
Darkness Falls,249,mutilator nianax,65-65,1,yes,GameEpicNPC
Darkness Falls,249,mutilator novinrac,64-64,1,yes,GameEpicNPC
Darkness Falls,249,mutilator odius,65-67,1,no,GameEpicNPC
Darkness Falls,249,mutilator okabi,62-65,1,yes,GameEpicNPC
Darkness Falls,249,mutilator oprionach,74-74,1,yes,GameEpicNPC
Darkness Falls,249,mutilator oronor,66-66,1,yes,GameEpicNPC
Darkness Falls,249,mutilator phaxazis,68-68,1,yes,GameEpicNPC
Darkness Falls,249,mutilator samiol,74-74,1,yes,GameEpicNPC
Darkness Falls,249,mutilator taboku,66-66,1,yes,GameEpicNPC
Darkness Falls,249,mutilator uxybab,62-62,1,yes,GameEpicNPC
Darkness Falls,249,mutilator vorazax,72-72,1,yes,GameEpicNPC
Darkness Falls,249,mutilator vozoaz,72-72,1,yes,GameEpicNPC
Darkness Falls,249,mutilator xaabaro,68-68,1,yes,GameEpicNPC
Darkness Falls,249,mutilator xagalith,77-77,1,yes,GameEpicNPC
Darkness Falls,249,mutilator xakanos,64-64,1,yes,GameEpicNPC
Darkness Falls,249,mutilator xazbalor,70-70,1,yes,GameEpicNPC
Darkness Falls,249,mutilator yooginroth,72-72,1,yes,GameEpicNPC
Darkness Falls,249,mutilator zurabo,60-60,1,yes,GameEpicNPC
Darkness Falls,249,pale guardian,67-72,6,yes,GameEpicNPC;GameNPC
Darkness Falls,249,prince abdin,78-78,1,yes,PrinceAbdin
Darkness Falls,249,prince asmoien,78-78,1,yes,PrinceAsmoien
Darkness Falls,249,prince ba'alorien,78-78,1,yes,PrinceBaalorien
Darkness Falls,249,princess nahemah,71-71,1,yes,PrincessNahemah
Darkness Falls,249,soultorn albion alerion knight,43-43,2,no,GameNPC
Darkness Falls,249,soultorn albion dragon knight,50-51,2,no,GameNPC
Darkness Falls,249,soultorn albion gryphon knight,35-38,10,yes,GameNPC
Darkness Falls,249,soultorn albion phoenix knight,40-44,10,no,GameNPC
Darkness Falls,249,soultorn hibernian grove protector,35-35,6,yes,GameNPC
Darkness Falls,249,soultorn hibernian silver hand,40-44,24,yes,GameNPC
Darkness Falls,249,soultorn hibernian wayfayer,25-28,19,yes,GameNPC
Darkness Falls,249,soultorn norse einherjar,45-54,16,yes,GameNPC
Darkness Falls,249,soultorn norse elding herra,45-45,1,yes,GameNPC
Darkness Falls,249,soultorn norse flammen herra,43-43,2,yes,GameNPC
Darkness Falls,249,soultorn norse flammen vakten,33-34,4,yes,GameNPC
Darkness Falls,249,soultorn norse isen herra,40-45,5,yes,GameNPC
Darkness Falls,249,umbral aegis,64-67,13,yes,GameNPC
Darkness Falls,249,umbral hulk,56-65,21,yes,GameEpicNPC
Darkness Falls,249,umbrood warrior,52-59,28,yes,GameNPC
