zone,zone_id,name,capnbry_levels,illia,uthgard
Camelot Hills,0,aleax of midgard,99-104,no,no
Camelot Hills,0,apprentice necyomancer,18-23,no,no
Camelot Hills,0,avernal quasit,32-36,no,no
Camelot Hills,0,bandit messenger,9-9,9-9,no
Camelot Hills,0,boar piglet,1-1,1-1,yes
Camelot Hills,0,cambion,52-55,no,no
Camelot Hills,0,chaosian,55-55,no,no
Camelot Hills,0,chthonian crawler,60-60,no,no
Camelot Hills,0,commander,45-48,no,no
Camelot Hills,0,condemned necyomancer,48-48,no,no
Camelot Hills,0,cursed necyomancer,44-46,no,no
Camelot Hills,0,deamhaness,32-36,no,no
Camelot Hills,0,demoniac familiar,15-36,no,no
Camelot Hills,0,essence shredder,54-62,no,no
Camelot Hills,0,experienced necyomancer,39-42,no,no
Camelot Hills,0,forest snake,3-3,3-3,yes
Camelot Hills,0,large ant,1-1,1-1,yes
Camelot Hills,0,lilispawn,29-32,no,no
Camelot Hills,0,mahr,55-55,no,no
Camelot Hills,0,molochian tempter,40-50,no,no
Camelot Hills,0,naburite drinker,51-56,no,no
Camelot Hills,0,nightmare,61-61,no,no
Camelot Hills,0,pale guardian,72-72,no,no
Camelot Hills,0,plated fiend,25-30,no,no
Camelot Hills,0,red lion,3-3,3-3,yes
Camelot Hills,0,rocot,36-41,no,no
Camelot Hills,0,small gray wolf,3-3,3-3,yes
Camelot Hills,0,soultorn albion eagle knight,38-42,no,no
Camelot Hills,0,soultorn albion guardian,28-28,no,no
Camelot Hills,0,soultorn albion phoenix knight,40-40,no,no
Camelot Hills,0,soultorn albion protector,25-26,no,no
Camelot Hills,0,soultorn hibernian raven ardent,38-42,no,no
Camelot Hills,0,soultorn hibernian savant,28-28,no,no
Camelot Hills,0,soultorn hibernian silver hand,40-44,no,no
Camelot Hills,0,soultorn hibernian wayfarer,25-28,no,no
Camelot Hills,0,soultorn norse einherjar,50-53,no,no
Camelot Hills,0,soultorn norse isen herra,40-43,no,no
Camelot Hills,0,soultorn norse skiltvakten,28-28,no,no
Camelot Hills,0,soultorn norse stormur vakten,38-42,no,no
Camelot Hills,0,soultorn norse vakten,25-25,no,no
Camelot Hills,0,succubus,57-57,no,no
Camelot Hills,0,tomb raider scout,14-14,no,yes
Camelot Hills,0,tormented necyomancer,50-50,no,no
Camelot Hills,0,umbral aegis,63-63,no,no
Camelot Hills,0,umbrood warrior,59-59,no,no
Camelot Hills,0,young necyomancer,27-27,no,no
Salisbury Plains,1,earth creature,11-12,no,no
Salisbury Plains,1,slave master,15-15,13-17,yes
Salisbury Plains,1,stable horse,10-10,10-10,no
Black Mtns. South,2,bear,8-9,8-8,yes
Black Mtns. South,2,commander,45-49,no,no
Black Mtns. South,2,giant frog,3-4,25-30,yes
Black Mtns. South,2,puny skeleton,1-1,no,yes
Black Mtns. South,2,small bear,4-4,4-4,yes
Black Mtns. South,2,snake,3-3,3-3,yes
Black Mtns. South,2,spirit hound,unknown,0-0,yes
Black Mtns. South,2,undead goblin chief,6-6,6-6,yes
Black Mtns. North,3,dragon ant queen,10-10,10-10,yes
Black Mtns. North,3,dragon ant worker,5-5,5-5,yes
Black Mtns. North,3,giant frog,3-4,no,no
Cornwall,6,captured soul,14-14,14-15,yes
Campacorentin Forest,8,brownie rover,12-12,no,no data
Campacorentin Forest,8,ebony fellwood,13-15,no,no data
Campacorentin Forest,8,giant frog,4-4,no,no data
Campacorentin Forest,8,pixie,6-7,no,no data
Lyonesse,10,cyclops,41-41,41-46,yes
Lyonesse,10,hollow man,40-40,38-45,yes
Lyonesse,10,lesser telamon,46-46,44-50,yes
Forest Sauvage,11,angry bwca,46-46,no,no
Forest Sauvage,11,black willow fellwood,20-22,20-20,yes
Forest Sauvage,11,cliff crawler,46-46,no,no
Forest Sauvage,11,downy fellwood,24-24,24-24,yes
Forest Sauvage,11,earth creature,19-19,no,no
Forest Sauvage,11,gold oaken fellwood,33-33,33-33,yes
Forest Sauvage,11,isolationist cleric,46-46,no,no
Forest Sauvage,11,knotted fellwood,43-48,no,yes
Forest Sauvage,11,ruthless brigand,40-40,no,no
Forest Sauvage,11,white willow fellwood,21-23,21-21,yes
Snowdonia,12,small rock bounder,22-24,22-23,yes
Pennine Mountains,14,barguest,58-59,52-58,yes
Pennine Mountains,14,brown drakeling,34-37,34-34,yes
Pennine Mountains,14,cave fairy,40-40,no,no
Pennine Mountains,14,faerie frog,28-30,28-31,no
Pennine Mountains,14,great boar,42-47,42-46,yes
Pennine Mountains,14,great brown drake,55-58,55-59,yes
Pennine Mountains,14,gytrash,35-38,35-38,yes
Pennine Mountains,14,hoary worm,53-59,53-55,yes
Pennine Mountains,14,isolationist armsman,49-49,47-47,yes
Pennine Mountains,14,isolationist paladin,51-51,48-48,yes
Pennine Mountains,14,isolationist sorcerer,46-51,41-47,yes
Pennine Mountains,14,large rock bounder,45-47,45-46,yes
Pennine Mountains,14,legionnaire,34-34,no,no
Pennine Mountains,14,padfoot,51-57,51-54,yes
Pennine Mountains,14,rock giant hunter,58-64,no,yes
Pennine Mountains,14,rock giant shaman,54-59,no,yes
Pennine Mountains,14,rock giant wizard,56-59,no,yes
Pennine Mountains,14,shadowhunter,41-41,39-41,yes
Pennine Mountains,14,shadowhunter she-wolf,42-42,42-43,yes
Pennine Mountains,14,western basilisk,49-54,49-50,yes
Pennine Mountains,14,wild great boar,45-46,45-50,yes
Hadrian's Wall,15,arch,unknown,no,no
Hadrian's Wall,15,earth being,35-35,no,no
Hadrian's Wall,15,enraged panther,35-35,34-38,yes
Hadrian's Wall,15,exiled aggressor,33-36,no,yes
Hadrian's Wall,15,exiled captain,34-35,34-34,yes
Hadrian's Wall,15,exiled commander,39-39,35-35,yes
Hadrian's Wall,15,exiled deceiver,33-35,33-36,yes
Hadrian's Wall,15,exiled hunter,33-36,33-36,yes
Hadrian's Wall,15,piper fairy,52-62,52-56,yes
Hadrian's Wall,15,vampric spider,40-44,40-40,no
Stonehenge Barrows,19,echo of life,42-42,41-44,yes
Stonehenge Barrows,19,glowing goo,36-40,36-36,yes
Stonehenge Barrows,19,phantom,47-51,47-47,yes
Tomb of Mithra,21,bleeder,10-10,10-10,yes
Tomb of Mithra,21,eternal scream,14-15,14-15,yes
Tomb of Mithra,21,menacing presence,8-8,no,yes
Tomb of Mithra,21,rotting tombraider,9-10,9-10,yes
Tomb of Mithra,21,sacrificed slave,10-10,10-11,no
Tomb of Mithra,21,suffering apparition,12-12,12-12,yes
Isle of Glass,51,avalonian archer,18-18,no,no data
Isle of Glass,51,avalonian outrider,18-20,no,no data
Isle of Glass,51,lesser zombie servant,4-4,no,no data
Isle of Glass,51,stone,unknown,no,no data
Isle of Glass,51,zombie servant,8-9,no,no data
Avalon Isle,52,corpse lantern,29-34,29-31,no data
Avalon Isle,52,earth being,17-18,no,no data
Avalon Isle,52,haunted appletree seedling,6-7,1-10,no data
Avalon Isle,52,undead seedsman,19-20,19-22,no data
Ruinerar av Atlantis,71,cold water stingray,36-36,no,no data
Ruinerar av Atlantis,71,gougra eel,25-28,20-30,no data
Ruinerar av Atlantis,71,reef octopus,20-23,30-34,no data
Ruinerar av Atlantis,71,regnoa barracuda,25-30,30-34,no data
Ruinerar av Atlantis,71,sand skimmer,20-26,20-25,no data
Ruinerar av Atlantis,71,sand-weaving octopus,32-34,no,no data
Ruinerar av Atlantis,71,shore-hugger stingray,34-34,no,no data
Ruinerar av Atlantis,71,tiny fish,1-1,no,no data
Vale of Mularn,100,carrion lizard,3-3,3-15,yes
Vale of Mularn,100,enoga,25-25,no,no
Vale of Mularn,100,firecat,24-24,no,no
Vale of Mularn,100,green serpent,2-2,15-15,no
Vale of Mularn,100,grumoz demon,10-12,no,yes
Vale of Mularn,100,lupine snarler,2-2,no,no
Vale of Mularn,100,manes demon,7-9,10-10,yes
Vale of Mularn,100,vendo flayer,15-17,15-16,no
Vale of Mularn,100,vendo frightener,14-15,0-50,yes
Vale of Mularn,100,vendo warrior,11-12,13-15,yes
Vale of Mularn,100,wayward ghoul,4-4,4-4,yes
Vale of Mularn,100,wildling,unknown,7-15,no
Vale of Mularn,100,wood-eater king,15-17,18-18,yes
Vale of Mularn,100,wood-eater queen,8-9,8-9,yes
Vale of Mularn,100,wood-eater young king,10-11,10-10,yes
East Svealand,101,blodfelag oathbreaker,10-10,no data,no data
East Svealand,101,fire ant scavenger,20-20,no data,no data
East Svealand,101,hobgoblin prowler,8-8,no data,no data
East Svealand,101,hobgoblin snagger,2-2,no data,no data
East Svealand,101,plague rat,6-7,no data,no data
East Svealand,101,plague rat scout,6-7,no data,no data
East Svealand,101,sanguinite ghoul,14-14,no data,no data
East Svealand,101,savage lynx,16-16,no data,no data
East Svealand,101,thrall,3-3,no data,no data
East Svealand,101,tomte plunderer,10-11,no data,no data
East Svealand,101,tomte scavenger,5-5,no data,no data
East Svealand,101,water strider,1-1,no data,no data
West Svealand,102,army ant worker,7-7,no data,no data
West Svealand,102,blodfelag livvakt,20-20,no data,no data
West Svealand,102,blodfelag tormentor,19-20,no data,no data
West Svealand,102,konung's warhound,19-19,no data,no data
West Svealand,102,lupine snarler,2-2,no data,no data
West Svealand,102,rattling skeleton,1-1,no data,no data
West Svealand,102,roaming thrall,7-7,no data,no data
West Svealand,102,savage wyvern,45-46,no data,no data
West Svealand,102,spindly rock crab,9-9,no data,no data
West Svealand,102,sveawolf cub,unknown,no data,no data
West Svealand,102,wayward ghoul,4-4,no data,no data
Gotar,103,army ant soldier,8-8,no,no
Gotar,103,bone commander 1,4-6,no,no
Gotar,103,dwarf bone skeleton,5-5,no,yes
Gotar,103,kraken,20-20,24-25,no
Gotar,103,seithkona initiate,5-5,no,yes
Gotar,103,spindly rock crab,9-10,19-21,yes
Gotar,103,svartalf merchant,6-7,no,yes
Gotar,103,svartalf smith,6-6,no,yes
Gotar,103,undead scout,10-10,no,yes
Muspelheim,104,acrid ghoul,29-29,29-29,no
Muspelheim,104,dverge smith,29-29,28-28,yes
Muspelheim,104,lava monster,28-30,28-28,yes
Myrkwood Forest,105,arachite youngling,10-11,11-11,yes
Myrkwood Forest,105,black mauler cub,unknown,0-1,yes
Myrkwood Forest,105,black mauler juvenile,5-5,11-13,yes
Myrkwood Forest,105,carrion lizard,3-3,no,yes
Myrkwood Forest,105,fragile skeleton,3-3,no,yes
Myrkwood Forest,105,green serpent,2-2,15-15,yes
Myrkwood Forest,105,hobgoblin fish-catcher,unknown,15-15,yes
Myrkwood Forest,105,hobgoblin snake-finder,1-1,2-15,yes
Myrkwood Forest,105,lupine snarler,2-2,10-12,yes
Myrkwood Forest,105,pine imp,6-7,15-17,yes
Myrkwood Forest,105,roaming dirge,8-9,8-8,yes
Myrkwood Forest,105,scavenger,1-1,12-13,yes
Myrkwood Forest,105,spectral hog,2-2,17-17,yes
Myrkwood Forest,105,svartalf,10-11,10-23,yes
Myrkwood Forest,105,svartalf chanter,14-15,12-16,yes
Myrkwood Forest,105,tawny lynx,8-9,no,yes
Myrkwood Forest,105,tawny lynx cub,unknown,no,yes
Myrkwood Forest,105,wayward ghoul,4-4,no,yes
Myrkwood Forest,105,wee wolf,5-5,no,no
Myrkwood Forest,105,werewolf pup,10-11,11-12,yes
Myrkwood Forest,105,wild hog,2-2,no,yes
Myrkwood Forest,105,wood imp,5-5,5-5,yes
Skona Ravine,106,arachite grymherre,34-34,no,no
Skona Ravine,106,arachite impaler,29-29,no,no
Skona Ravine,106,arachite krigare,30-30,no,no
Skona Ravine,106,arachite prelate,30-30,no,no
Skona Ravine,106,arachite weblasher,16-16,no,no
Skona Ravine,106,black mauler,14-15,13-20,yes
Skona Ravine,106,seithkona,14-17,no,yes
Skona Ravine,106,skogsfru,14-15,13-16,yes
Skona Ravine,106,werewolf champion,55-55,no,no
Skona Ravine,106,werewolf shaman,30-30,no,yes
Skona Ravine,106,wood mephit,22-24,22-22,yes
Vanern Swamp,107,clay jotun hunter,50-50,50-50,yes
Vanern Swamp,107,clay jotun retainer,46-46,46-51,yes
Vanern Swamp,107,clay jotun runner,48-53,48-50,yes
Vanern Swamp,107,dark seithkona,48-48,50-51,yes
Vanern Swamp,107,dark seithkona initiate,44-44,no,yes
Vanern Swamp,107,enslaved orm,40-42,no,yes
Vanern Swamp,107,enslaved orm biter,44-44,45-45,yes
Vanern Swamp,107,enslaved orm runner,42-42,no,yes
Vanern Swamp,107,fallen sea king,60-64,50-55,yes
Vanern Swamp,107,forest spider runner,53-53,53-53,yes
Vanern Swamp,107,hagbui forge tender,37-41,37-45,yes
Vanern Swamp,107,hagbui herald,38-38,38-45,yes
Vanern Swamp,107,hagbui page,36-36,36-45,yes
Vanern Swamp,107,hagbui squire,39-41,39-45,yes
Vanern Swamp,107,hagbui swordbearer,35-39,35-35,yes
Vanern Swamp,107,jotun despot,61-64,no,yes
Vanern Swamp,107,jotun warchief,60-60,60-60,no
Raumarik,108,white wolf,28-34,28-40,no
Raumarik,108,wolf of loki,46-50,no,yes
Uppland,111,abominable snowman,26-33,26-30,yes
Uppland,111,aged boreal cockatrice,49-53,49-49,no
Uppland,111,bone-eater eviscerater,41-44,41-45,no
Uppland,111,bone-eater slayer,37-40,37-37,yes
Uppland,111,bone-eater spine-ripper,39-43,39-40,yes
Uppland,111,boreal cockatrice,24-29,24-27,yes
Uppland,111,chattering skeleton,32-34,32-32,yes
Uppland,111,cold light,20-24,20-25,yes
Uppland,111,enthralled zombie,44-45,43-44,yes
Uppland,111,flurry,23-25,23-23,yes
Uppland,111,frost hound,31-32,30-31,yes
Uppland,111,frostbite wildling,27-31,27-30,yes
Uppland,111,frosty scuttlebug,23-25,23-24,yes
Uppland,111,ghoulish warrior,44-50,44-45,yes
Uppland,111,glacial mauler,44-48,44-45,no
Uppland,111,hailer,28-31,no,yes
Uppland,111,hailstone,20-22,no,yes
Uppland,111,half-frozen madman,25-28,25-25,yes
Uppland,111,ice giant,34-40,no,no
Uppland,111,ice lizard,34-34,no,yes
Uppland,111,icemuncher,28-31,no,yes
Uppland,111,icestrider chiller,43-47,43-45,yes
Uppland,111,icestrider frostweaver,46-46,44-46,yes
Uppland,111,icy skeleton,25-28,25-25,yes
Uppland,111,icy wisp,31-34,28-33,yes
Uppland,111,isalf blinder,34-37,no,no
Uppland,111,isalf icemage,34-36,no,yes
Uppland,111,isalf scryer,35-35,no,no
Uppland,111,isalf snowtracker,35-39,no,yes
Uppland,111,isalf surveyor,33-33,no,yes
Uppland,111,isalf warrior,35-35,no,yes
Uppland,111,mature wyvern,54-57,no,no
Uppland,111,nip mephit,23-28,23-27,yes
Uppland,111,northern ettin,25-29,25-27,yes
Uppland,111,northern light,26-33,26-30,yes
Uppland,111,pale aurora,41-47,41-47,yes
Uppland,111,rock giant hunter,65-72,no,no
Uppland,111,rock giant shaman,65-65,no,no
Uppland,111,rock giant wizard,66-66,no,no
Uppland,111,savage wyvern,45-50,no,no
Uppland,111,shard golem,42-42,no,no
Uppland,111,snow imp,20-24,20-22,yes
Uppland,111,snowshoe bandit mage,32-33,32-33,yes
Uppland,111,stromkarl,40-40,no,yes
Uppland,111,taiga cat,32-36,32-33,yes
Uppland,111,undead minion,20-20,no,no
Uppland,111,undead viking,44-48,44-45,yes
Uppland,111,white wolf,27-34,28-40,yes
Uppland,111,winter wolf,43-47,no,no
Uppland,111,wintery dirge,40-46,40-42,yes
Uppland,111,young wyvern,28-33,28-30,yes
Yggdra Forest,112,abominable snowman,26-33,26-30,yes
Yggdra Forest,112,biting wind,29-32,29-33,no
Yggdra Forest,112,block of ice,36-39,36-37,yes
Yggdra Forest,112,bone-eater eviscerater,41-41,41-45,yes
Yggdra Forest,112,bone-eater spine-ripper,39-40,39-40,yes
Yggdra Forest,112,bone-eater warleader,45-50,45-48,yes
Yggdra Forest,112,boreal cockatrice,24-30,24-27,yes
Yggdra Forest,112,chiseler,20-26,20-24,yes
Yggdra Forest,112,cold light,20-26,20-25,yes
Yggdra Forest,112,fenrir prime,49-49,49-50,yes
Yggdra Forest,112,flurry,23-25,23-23,yes
Yggdra Forest,112,follower of loki,42-42,42-43,yes
Yggdra Forest,112,fossegrim,33-33,29-31,yes
Yggdra Forest,112,frost giant,37-39,37-37,yes
Yggdra Forest,112,frost spectre,46-51,46-46,yes
Yggdra Forest,112,frostbite wildling,27-32,27-30,yes
Yggdra Forest,112,frosty scuttlebug,23-26,23-24,yes
Yggdra Forest,112,frothing sveawolf,19-19,no,no
Yggdra Forest,112,hailer,28-28,28-28,yes
Yggdra Forest,112,hailstone,20-22,20-20,yes
Yggdra Forest,112,half-frozen madman,25-27,25-25,yes
Yggdra Forest,112,ice creature,39-43,39-41,yes
Yggdra Forest,112,icemuncher,28-31,28-28,yes
Yggdra Forest,112,icestrider chiller,43-47,43-45,yes
Yggdra Forest,112,icy skeleton,25-28,25-25,yes
Yggdra Forest,112,icy wisp,28-36,28-33,yes
Yggdra Forest,112,isalf abider,30-33,30-30,yes
Yggdra Forest,112,isalf blinder,35-35,34-35,yes
Yggdra Forest,112,isalf forayer,44-47,44-44,yes
Yggdra Forest,112,isalf hierarch,38-38,38-38,no
Yggdra Forest,112,isalf icemage,33-33,32-34,yes
Yggdra Forest,112,isalf scryer,33-36,33-33,yes
Yggdra Forest,112,isalf snowtracker,35-39,35-35,yes
Yggdra Forest,112,isalf surveyor,32-36,32-33,yes
Yggdra Forest,112,isalf warrior,35-36,35-36,yes
Yggdra Forest,112,nip mephit,23-27,23-27,yes
Yggdra Forest,112,nordic yeti,33-39,33-40,yes
Yggdra Forest,112,northern ettin,25-30,25-27,yes
Yggdra Forest,112,northern light,26-32,26-30,yes
Yggdra Forest,112,shard golem,42-44,42-42,yes
Yggdra Forest,112,snow giant,30-36,30-33,yes
Yggdra Forest,112,snow imp,20-24,20-22,yes
Yggdra Forest,112,snowshoe bandit,30-33,30-35,yes
Yggdra Forest,112,taiga cat,32-36,32-33,yes
Yggdra Forest,112,thawing corpse,31-34,31-31,yes
Yggdra Forest,112,twister,29-29,29-29,no
Yggdra Forest,112,white wolf,27-33,28-40,yes
Yggdra Forest,112,winter wolf,43-48,42-46,yes
Yggdra Forest,112,wintery dirge,40-44,40-42,yes
Yggdra Forest,112,young wyvern,29-33,28-30,yes
Jamtland Mountains,113,abominable snowman,30-30,no,no
Jamtland Mountains,113,alpine cockatrice,33-36,32-33,yes
Jamtland Mountains,113,anger spirit,38-38,no,no
Jamtland Mountains,113,biting wind,31-34,no,yes
Jamtland Mountains,113,bone-eater oracle,39-43,39-45,yes
Jamtland Mountains,113,bone-eater slayer,37-40,37-37,yes
Jamtland Mountains,113,bone-eater spine-ripper,39-43,39-40,yes
Jamtland Mountains,113,chattering skeleton,32-34,no,yes
Jamtland Mountains,113,chillsome wight,51-57,no,yes
Jamtland Mountains,113,dire wolverine,58-60,no,no
Jamtland Mountains,113,enhorning,49-53,50-51,no
Jamtland Mountains,113,fenrir tracker,42-44,40-42,yes
Jamtland Mountains,113,forest heart,33-33,no,no
Jamtland Mountains,113,frore lich,55-62,no,yes
Jamtland Mountains,113,frost spectre,47-51,no,yes
Jamtland Mountains,113,frost stallion,54-55,no,no
Jamtland Mountains,113,fylgja,50-55,no,yes
Jamtland Mountains,113,giant snowcrab,33-35,no,yes
Jamtland Mountains,113,ice lizard,32-32,no,yes
Jamtland Mountains,113,ice scrag,34-37,no,yes
Jamtland Mountains,113,iceberg,42-46,41-42,yes
Jamtland Mountains,113,icebreaker,48-53,no,yes
Jamtland Mountains,113,icestrider frostweaver,44-46,44-46,no
Jamtland Mountains,113,icy wisp,31-34,28-33,no
Jamtland Mountains,113,isalf marauder,43-43,no,no
Jamtland Mountains,113,isalf snowtracker,35-38,no,yes
Jamtland Mountains,113,lynx adult,32-32,no,no
Jamtland Mountains,113,lynx matriarch,33-37,no,no
Jamtland Mountains,113,lynx youth,12-12,no,no
Jamtland Mountains,113,mature wyvern,54-63,54-57,no
Jamtland Mountains,113,miserable zombie,30-31,no,yes
Jamtland Mountains,113,nordic yeti,36-40,no,no
Jamtland Mountains,113,northern light,30-31,no,yes
Jamtland Mountains,113,oak spirit,33-37,no,no
Jamtland Mountains,113,pale aurora,41-47,no,yes
Jamtland Mountains,113,raging anger spirit,38-38,no,no
Jamtland Mountains,113,rock giant hunter,65-65,no,no
Jamtland Mountains,113,shivering presence,32-35,32-33,yes
Jamtland Mountains,113,shrub spirit,7-7,no,no
Jamtland Mountains,113,snow giant,30-30,no,no
Jamtland Mountains,113,snowshoe bandit,34-37,30-35,yes
Jamtland Mountains,113,snowshoe bandit mage,33-36,32-33,yes
Jamtland Mountains,113,stromkarl,38-42,no,yes
Jamtland Mountains,113,taiga cat,32-36,32-33,yes
Jamtland Mountains,113,undead viking,44-50,no,yes
Jamtland Mountains,113,white wolf,30-34,no,yes
Jamtland Mountains,113,windswept wraith,50-58,50-53,yes
Jamtland Mountains,113,wolf adult,30-30,no,no
Jamtland Mountains,113,wolf cub,7-7,no,no
Jamtland Mountains,113,wolf patriarch,33-37,no,no
Odin's Gate,115,aged boreal cockatrice,49-49,49-49,yes
Odin's Gate,115,bone-eater warleader,49-49,no,yes
Odin's Gate,115,bright aurora,46-52,41-48,yes
Odin's Gate,115,enhorning,50-53,no,yes
Odin's Gate,115,frore lich,55-61,55-57,yes
Odin's Gate,115,frost stallion,54-56,54-55,yes
Odin's Gate,115,glacial mauler,44-44,44-45,yes
Odin's Gate,115,glacier fairy,45-45,no,yes
Odin's Gate,115,great lynx,42-45,no,yes
Odin's Gate,115,ice lizard,32-35,32-34,yes
Odin's Gate,115,ice scrag,33-33,33-34,yes
Odin's Gate,115,iceberg,42-45,no,yes
Odin's Gate,115,icestrider interceptor,47-50,no,yes
Odin's Gate,115,isalf marauder,41-45,no,yes
Odin's Gate,115,lynx matriarch,37-37,no,no
Odin's Gate,115,mature wyvern,55-60,no,yes
Odin's Gate,115,miserable zombie,31-34,no,yes
Odin's Gate,115,nordic yeti,36-40,no,yes
Odin's Gate,115,pale aurora,43-46,no,yes
Odin's Gate,115,savage wyvern,45-50,no,yes
Odin's Gate,115,sleipneirsson,55-55,no,yes
Odin's Gate,115,snowshoe bandit,30-34,30-35,yes
Odin's Gate,115,white wolf,30-33,28-40,yes
Odin's Gate,115,windswept wraith,50-51,50-53,yes
Odin's Gate,115,winter wolf,44-49,no,yes
Jordheim,120,drunken dwarf,41-41,45-45,no data
Vendo Caverns,126,albino cave mauler,25-25,25-30,yes
Vendo Caverns,126,cave bear,20-25,20-35,yes
Vendo Caverns,126,cave mauler,20-24,20-24,yes
Vendo Caverns,126,cave ogre,29-30,29-33,no
Vendo Caverns,126,cave viper,25-25,30-30,no
Vendo Caverns,126,vendo reaver,30-30,24-30,yes
Nisse's Lair,129,tiny spider,11-11,no,no
Trollheim,150,animate bage,54-54,50-50,no data
Trollheim,150,exploding pellet,50-55,no,no data
Aegir's Landing,151,granulator,11-15,12-14,no data
Aegir's Landing,151,musslaklan hunter,15-17,15-15,no data
Aegir's Landing,151,shale golem emissary,1-1,24-24,no data
Aegir's Landing,151,stone,99-99,no,no data
Gripklosa Mountains,152,very chilly skelett,31-31,28-28,no data
Delling Crater,153,inside the crater,unknown,0-0,no data
Faraheim,154,abominable snowman,27-30,no,no data
Faraheim,154,chattering skeleton,32-32,no,no data
Faraheim,154,fenrir snowscout,37-37,no,no data
Faraheim,154,ghoulish warrior,44-44,no,no data
Faraheim,154,griffin,55-58,no,no data
Faraheim,154,hailer,28-28,no,no data
Faraheim,154,hailstone,20-20,no,no data
Faraheim,154,half-frozen madman,25-25,no,no data
Faraheim,154,icemuncher,28-28,no,no data
Faraheim,154,icy skeleton,25-25,no,no data
Faraheim,154,isalf blinder,35-35,no,no data
Faraheim,154,isalf forayer,44-44,no,no data
Faraheim,154,isalf scryer,33-33,no,no data
Faraheim,154,isalf snowtracker,35-39,no,no data
Faraheim,154,isalf surveyor,36-36,no,no data
Faraheim,154,isalf warrior,35-35,no,no data
Faraheim,154,northern ettin,25-26,no,no data
Faraheim,154,northern light,28-32,no,no data
Faraheim,154,pale aurora,43-43,no,no data
Faraheim,154,rock giant hunter,58-61,no,no data
Faraheim,154,snowshoe bandit,30-30,no,no data
Faraheim,154,taiga cat,33-34,no,no data
Faraheim,154,undead viking,44-44,no,no data
Faraheim,154,winter wolf,43-43,no,no data
Faraheim,154,young wyvern,28-28,no,no data
Munin Sound,155,focus stone,50-52,50-50,no data
Munin Sound,155,teleport stone,50-50,no,no data
Iarnwood,156,bone-eater eviscerater,42-42,no data,no data
Iarnwood,156,bone-eater oracle,40-40,no data,no data
Iarnwood,156,chattering skeleton,32-33,no data,no data
Iarnwood,156,fenrir prophet,49-49,no data,no data
Iarnwood,156,fenrir shredder,45-45,no data,no data
Iarnwood,156,fenrir tracker,44-44,no data,no data
Iarnwood,156,frore lich,55-57,no data,no data
Iarnwood,156,frosty colt,20-20,no data,no data
Iarnwood,156,great lynx,42-42,no data,no data
Iarnwood,156,iceberg,42-42,no data,no data
Iarnwood,156,icy wisp,31-31,no data,no data
Iarnwood,156,mature wyvern,56-57,no data,no data
Iarnwood,156,shard golem,42-46,no data,no data
Iarnwood,156,taiga cat,33-34,no data,no data
Iarnwood,156,white wolf,30-32,no data,no data
Iarnwood,156,winter wolf,42-46,no data,no data
Modernagrav,158,bright aurora,47-47,no,no data
Modernagrav,158,frore lich,55-57,no,no data
Modernagrav,158,griffin,55-55,no,no data
Modernagrav,158,miserable zombie,31-32,no,no data
Modernagrav,158,nordic yeti,36-39,no,no data
Modernagrav,158,savage wyvern,45-45,no,no data
Modernagrav,158,snowshoe bandit,31-34,no,no data
Modernagrav,158,wintery dirge,40-40,no,no data
Tuscaran Glacier,160,ancient iceweaver,75-77,no data,no data
Tuscaran Glacier,160,freezer,99-102,no data,no data
Tuscaran Glacier,160,griffon chick,36-44,no data,no data
Tuscaran Glacier,160,hrimthursa tormentor,77-84,no data,no data
Tuscaran Glacier,160,ice sentinal,60-60,no data,no data
Tuscaran Glacier,160,iceweaver hatchling,35-44,no data,no data
Lough Derg,200,bush spirit,7-7,no,no
Lough Derg,200,curmudgeon courier,16-17,16-17,yes
Lough Derg,200,derg monster,5-5,6-10,yes
Lough Derg,200,dergan courier,16-18,15-17,yes
Lough Derg,200,feccan,2-2,8-9,yes
Lough Derg,200,grass sheerie,13-13,13-15,yes
Lough Derg,200,lunantishee,8-10,8-9,yes
Lough Derg,200,lynx cub,3-7,no,no
Lough Derg,200,lynx youth,7-10,no,no
Lough Derg,200,pine spirit,30-30,no,no
Lough Derg,200,roane companion,12-14,12-15,yes
Lough Derg,200,sapling spirit,10-10,no,no
Lough Derg,200,shrub spirit,5-6,no,no
Lough Derg,200,slough serpent,unknown,no,yes
Lough Derg,200,summoned skeletal minion,4-4,no,no
Lough Derg,200,veil wisp,12-13,11-13,no
Lough Derg,200,wiggle worm,unknown,no,no
Lough Derg,200,wolf adult,18-18,no,no
Lough Derg,200,wolf cub,3-7,no,no
Lough Derg,200,wolf youth,6-12,no,no
Silvermine Mts.,201,annoying lucradan,unknown,no,yes
Silvermine Mts.,201,badger cub,unknown,1-50,yes
Silvermine Mts.,201,bodachan sabhaill,2-4,2-4,yes
Silvermine Mts.,201,cluricaun trip,8-9,no,yes
Silvermine Mts.,201,enchanted spraggonoll,8-8,24-25,yes
Silvermine Mts.,201,feccan,1-3,8-9,yes
Silvermine Mts.,201,feckless lucragan,4-4,4-24,yes
Silvermine Mts.,201,hill hound,18-20,18-20,yes
Silvermine Mts.,201,large eirebug,9-12,9-13,yes
Silvermine Mts.,201,large frog,0-1,1-1,yes
Silvermine Mts.,201,lugradan whelp,5-5,no,no
Silvermine Mts.,201,lynx cub,7-7,no,no
Silvermine Mts.,201,mudman,3-4,2-4,yes
Silvermine Mts.,201,rowdy,5-7,5-10,yes
Silvermine Mts.,201,skeletal minion,4-4,no,yes
Silvermine Mts.,201,skeletal pawn,1-2,no,yes
Silvermine Mts.,201,small walking rock,2-3,2-3,yes
Silvermine Mts.,201,spraggon,3-5,3-5,yes
Silvermine Mts.,201,spraggonale,21-25,21-23,yes
Silvermine Mts.,201,spraggonite,5-6,no,yes
Silvermine Mts.,201,spraggonoll,7-10,7-9,yes
Silvermine Mts.,201,villainous youth,3-4,2-4,yes
Silvermine Mts.,201,water beetle,6-9,no,yes
Silvermine Mts.,201,water beetle collector,4-5,4-5,yes
Silvermine Mts.,201,water beetle larva,0-1,1-1,yes
Silvermine Mts.,201,wiggle worm,unknown,no,no
Silvermine Mts.,201,wild crouch,6-7,no,yes
Shannon Estuary,202,annoying lucradan,unknown,no,yes
Shannon Estuary,202,bodachan sabhaill,4-4,no,yes
Shannon Estuary,202,cluricaun trip,7-8,no,yes
Shannon Estuary,202,feccan,3-3,no,yes
Shannon Estuary,202,haunted driftwood,1-1,31-32,yes
Shannon Estuary,202,hill toad,5-8,no,yes
Shannon Estuary,202,large frog,1-1,no,yes
Shannon Estuary,202,lugradan whelp,4-7,no,yes
Shannon Estuary,202,lunantishee,8-9,no,yes
Shannon Estuary,202,mudman,2-4,no,yes
Shannon Estuary,202,rowdy,5-9,no,yes
Shannon Estuary,202,skeletal minion,3-4,no,yes
Shannon Estuary,202,skeletal pawn,1-1,no,yes
Shannon Estuary,202,small walking rock,3-3,no,yes
Shannon Estuary,202,spraggon,3-5,no,yes
Shannon Estuary,202,spraggonite,5-5,no,yes
Shannon Estuary,202,villainous youth,3-4,no,yes
Shannon Estuary,202,water beetle,6-7,no,yes
Shannon Estuary,202,water beetle collector,4-4,no,yes
Shannon Estuary,202,wiggle worm,unknown,no,yes
Shannon Estuary,202,wind ghoul,7-8,no,no
Connacht,207,enchanted wind ghoul,7-7,7-7,yes
Connacht,207,ghostly siabra,11-12,11-12,yes
Connacht,207,shrub spirit,3-3,no,no
Connacht,207,wolf adult,26-27,no,no
Connacht,207,wolf cub,4-7,no,no
Tir na Nog,209,druid,40-44,no,no data
Tir na Nog,209,lynx matriarch,30-30,no,no data
Tir na Nog,209,lynx youth,7-7,no,no data
Tir na Nog,209,wolf cub,6-6,no,no data
Mount Collory,210,fee lion,25-27,no,yes
Mount Collory,210,greater luch,25-25,35-43,yes
Mount Collory,210,ire wolf,27-27,25-30,yes
Mount Collory,210,lugradan,27-30,no,yes
Mount Collory,210,lynx matriarch,37-37,no,no
Mount Collory,210,senior chopper,36-38,no,yes
Mount Collory,210,siog seeker,30-30,no,yes
Mount Collory,210,siog waylayer,26-26,no,yes
Mount Collory,210,vanisher,27-27,26-30,yes
Mount Collory,210,veteran chopper,38-38,no,yes
Mount Collory,210,wrath sprite,28-28,no,yes
Breifine,212,bananach,40-44,40-41,yes
Breifine,212,boogie man,34-37,no,yes
Breifine,212,empyrean guardian,34-41,no,yes
Breifine,212,fallen hibernian defender,45-45,48-50,yes
Breifine,212,grand pooka,62-62,61-64,no
Breifine,212,hillock changeling,36-39,no,yes
Breifine,212,lynx matriarch,37-37,no,no
Breifine,212,moss monster,40-45,40-42,yes
Breifine,212,senior chopper,40-40,no,yes
Breifine,212,torcan,31-34,31-31,yes
Breifine,212,wraith drake,65-67,65-65,yes
Emain Macha,214,alp luachra,30-30,no,yes
Emain Macha,214,boogie man,36-36,no,yes
Emain Macha,214,chopper trainee,35-35,no,yes
Emain Macha,214,curmudgeon scrapper,42-45,no,yes
Emain Macha,214,fachan,47-53,no,yes
Emain Macha,214,forest heart,44-44,no,no
Emain Macha,214,giant lusus,58-61,50-61,yes
Emain Macha,214,goborchend,46-51,no,yes
Emain Macha,214,goborchend gasher,53-58,no,yes
Emain Macha,214,goborchend piercer,53-57,no,yes
Emain Macha,214,goborchend wounder,54-54,no,yes
Emain Macha,214,levian,61-62,60-62,yes
Emain Macha,214,lynx matriarch,37-37,no,no
Emain Macha,214,megafelid,40-42,no,yes
Emain Macha,214,mindworm,57-65,no,yes
Emain Macha,214,oak spirit,37-37,no,no
Emain Macha,214,raging anger spirit,50-50,no,no
Emain Macha,214,senior chopper,36-36,no,yes
Emain Macha,214,sett dweller,30-32,27-31,yes
Emain Macha,214,squabbler,33-33,no,yes
Emain Macha,214,torc,35-39,34-37,yes
Emain Macha,214,torcan,31-34,31-31,yes
Emain Macha,214,vampiric mist,35-35,no,no
Emain Macha,214,veteran chopper,38-38,no,no
Emain Macha,214,wolf adult,32-32,no,no
Emain Macha,214,wolf patriarch,34-37,no,no
Emain Macha,214,wolf youth,12-12,no,no
Muire Tomb,221,carrion scorpionida,15-17,15-17,yes
Muire Tomb,221,crypt spider,10-12,9-12,yes
Muire Tomb,221,lynx cub,7-7,no,no
Muire Tomb,221,shrub spirit,7-7,no,no
Muire Tomb,221,suitor spirit,14-16,14-17,yes
Muire Tomb,221,wolf cub,7-7,no,no
Spraggon Den,222,lynx adult,27-27,no,no
Passage of Conflict,244,energy mass,50-52,50-52,no data
Passage of Conflict,244,redeemed fence,60-60,55-55,no data
Passage of Conflict,244,redeemed solider,54-57,55-55,no data
Hall of the Corrupt,245,archwizard,60-63,52-55,yes
Hall of the Corrupt,245,cleric,41-41,no,yes
Hall of the Corrupt,245,ghostly knight,44-44,no,yes
Hall of the Corrupt,245,ghostly man-at-arms,42-54,no,yes
Hall of the Corrupt,245,innocent,35-40,35-43,no
Hall of the Corrupt,245,restless watchman,50-55,0-0,yes
Hall of the Corrupt,245,spectral paladin,58-59,50-55,no
Hall of the Corrupt,245,watchman commander,55-55,no,no
Hall of the Corrupt,245,watchman lieutenant,53-53,49-50,yes
Hall of the Corrupt,245,widow claw,40-44,45-47,yes
Hall of the Corrupt,245,wizard,52-62,49-52,yes
Hall of the Corrupt,245,wizard apprentice,41-43,41-46,yes
Dodens Gruva,246,animated corpse,41-44,no,no
Dodens Gruva,246,atman,42-42,no,no
Dodens Gruva,246,darkened atman,49-50,no,no
Dodens Gruva,246,gore dappled zombie,59-59,no,no
Dodens Gruva,246,infested corpse,51-51,no,no
Dodens Gruva,246,innocent,35-42,35-43,yes
Dodens Gruva,246,life dishonored,43-43,no,no
Dodens Gruva,246,phantasmal huscarl,59-65,no,yes
Dodens Gruva,246,summoned guardian,61-61,no,yes
Darkness Falls,249,aleax of albion,99-103,no,no
Darkness Falls,249,angelic visage,104-104,no,no
Darkness Falls,249,soultorn hibernian wayfarer,25-25,no,yes
