zone,zone_id,capnbry_species,server_species,missing,server_only,level_mismatches,small_camps
Camelot Hills,0,45,69,0,24,0,251
Salisbury Plains,1,34,67,0,33,1,446
Black Mtns. South,2,22,77,0,55,1,272
Black Mtns. North,3,27,50,0,23,1,169
Cornwall,6,10,32,0,22,1,195
Campacorentin Forest,8,24,98,0,74,3,216
Avalon Marsh,9,23,61,0,38,0,252
Lyonesse,10,1,30,0,29,1,48
Forest Sauvage,11,0,21,0,21,0,17
Snowdonia,12,0,9,0,9,0,3
Pennine Mountains,14,0,20,0,20,0,7
Hadrian's Wall,15,0,5,0,5,0,1
Stonehenge Barrows,19,20,47,0,27,6,13
Tomb of Mithra,21,1,35,0,34,0,30
Isle of Glass,51,21,52,0,31,1,57
Avalon Isle,52,19,39,0,20,8,120
Vale of Mularn,100,31,51,0,20,0,346
East Svealand,101,34,57,0,23,0,323
West Svealand,102,45,72,0,27,1,279
Gotar,103,48,75,0,27,0,262
Muspelheim,104,30,50,0,20,11,141
Myrkwood Forest,105,30,59,0,29,1,213
Skona Ravine,106,16,55,0,39,5,256
Vanern Swamp,107,18,28,0,10,12,137
Raumarik,108,9,34,0,25,4,140
Uppland,111,0,30,0,30,0,17
Yggdra Forest,112,0,23,0,23,0,10
Jamtland Mountains,113,0,18,0,18,0,9
Odin's Gate,115,0,9,0,9,0,3
Malmohus,116,11,40,0,29,4,206
Spindelhalla,125,36,49,0,13,19,25
Vendo Caverns,126,10,11,0,1,2,5
Varulvhamn,127,12,36,0,24,4,25
Cursed Tomb,128,17,27,0,10,1,15
Nisse's Lair,129,27,35,0,8,2,13
Trollheim,150,13,60,0,47,7,60
Aegir's Landing,151,32,48,0,16,0,131
Gripklosa Mountains,152,35,54,0,19,8,371
Delling Crater,153,37,66,0,29,14,538
Faraheim,154,25,52,0,27,7,555
Munin Sound,155,34,43,0,9,8,164
Iarnwood,156,13,30,0,17,9,420
Modernagrav,158,20,46,0,26,6,274
Tuscaran Glacier,160,0,44,0,44,0,110
Iarnvidiur's Lair,161,5,27,0,22,2,40
Lough Derg,200,42,81,0,39,0,266
Silvermine Mts.,201,10,37,0,27,1,130
Shannon Estuary,202,6,28,0,22,0,71
Valley of Bri Leith,206,4,42,0,38,0,180
Connacht,207,23,71,0,48,2,353
Mount Collory,210,0,11,0,11,0,4
Breifine,212,0,7,0,7,0,6
Emain Macha,214,0,13,0,13,0,16
Muire Tomb,221,6,12,0,6,1,9
Spraggon Den,222,5,17,0,12,2,16
Darkness Falls,249,26,176,0,150,5,185
